{
  "scene": "S_cardboard_box",
  "assumptions": {
    "z_inside": "median depth inside ROI polygon",
    "z_outside": "median outside-ring depth; prefer values closer than z_inside by margin",
    "depth_m": "abs(z_outside - z_inside)",
    "width_height": "ROI bbox pixels projected with fx/fy at z_inside"
  },
  "params": {
    "ring_pad_px": 24,
    "ring_inner_gap_px": 4,
    "outside_closer_margin_cm": 0.5
  },
  "rows": [
    {
      "scene": "S_cardboard_box",
      "pair_id": "000",
      "ruler_distance_cm": 20.0,
      "bbox_w_px": 220,
      "bbox_h_px": 248,
      "opencv": {
        "z_inside_m": 0.5440544486045837,
        "z_outside_m": 0.507404088973999,
        "depth_m": 0.03665035963058472,
        "width_m": 0.20687790043676843,
        "height_m": 0.23320781503781168,
        "volume_m3": 0.001768216506671068,
        "volume_cm3": 1768.216506671068,
        "outside_mode": "closer_only",
        "outside_candidates_n": 308,
        "outside_total_n": 3126
      },
      "dav2": {
        "z_inside_m": 0.80861896276474,
        "z_outside_m": 0.8086188435554504,
        "depth_m": 1.1920928955078125e-07,
        "width_m": 0.30747913871339205,
        "height_m": 0.34661284727691466,
        "volume_m3": 1.2704875439131524e-08,
        "volume_cm3": 0.012704875439131524,
        "outside_mode": "fallback_all_outside",
        "outside_candidates_n": 0,
        "outside_total_n": 20960
      },
      "dav2_gt": {
        "z_inside_m": 0.9819514751434326,
        "z_outside_m": 0.9819514751434326,
        "depth_m": 0.0,
        "width_m": 0.37338920769693973,
        "height_m": 0.42091147049473204,
        "volume_m3": 0.0,
        "volume_cm3": 0.0,
        "outside_mode": "fallback_all_outside",
        "outside_candidates_n": 0,
        "outside_total_n": 20960
      },
      "foundation": {
        "z_inside_m": 0.9563971757888794,
        "z_outside_m": 0.8669068217277527,
        "depth_m": 0.08949035406112671,
        "width_m": 0.36367212917444625,
        "height_m": 0.4099576728875576,
        "volume_m3": 0.013342132974691846,
        "volume_cm3": 13342.132974691845,
        "outside_mode": "closer_only",
        "outside_candidates_n": 20045,
        "outside_total_n": 20960
      }
    },
    {
      "scene": "S_cardboard_box",
      "pair_id": "002",
      "ruler_distance_cm": 25.0,
      "bbox_w_px": 149,
      "bbox_h_px": 174,
      "opencv": {
        "z_inside_m": 0.5808841586112976,
        "z_outside_m": 0.4568004310131073,
        "depth_m": 0.12408372759819031,
        "width_m": 0.14959767872471513,
        "height_m": 0.17469796038993576,
        "volume_m3": 0.0032428549310074897,
        "volume_cm3": 3242.8549310074895,
        "outside_mode": "closer_only",
        "outside_candidates_n": 96,
        "outside_total_n": 1815
      },
      "dav2": {
        "z_inside_m": 0.8814997673034668,
        "z_outside_m": 0.8814998269081116,
        "depth_m": 5.960464477539063e-08,
        "width_m": 0.22701655231954268,
        "height_m": 0.26510657787651287,
        "volume_m3": 3.587220985100168e-09,
        "volume_cm3": 0.003587220985100168,
        "outside_mode": "fallback_all_outside",
        "outside_candidates_n": 0,
        "outside_total_n": 15160
      },
      "dav2_gt": {
        "z_inside_m": 0.9766478538513184,
        "z_outside_m": 0.9789929091930389,
        "depth_m": 0.002345055341720581,
        "width_m": 0.25152046187129484,
        "height_m": 0.29372188164835766,
        "volume_m3": 0.00017324580200179355,
        "volume_cm3": 173.24580200179355,
        "outside_mode": "fallback_all_outside",
        "outside_candidates_n": 0,
        "outside_total_n": 15160
      },
      "foundation": {
        "z_inside_m": 0.8438990712165833,
        "z_outside_m": 0.8609595894813538,
        "depth_m": 0.017060518264770508,
        "width_m": 0.21733307796472687,
        "height_m": 0.2537983595024327,
        "volume_m3": 0.0009410373506729975,
        "volume_cm3": 941.0373506729975,
        "outside_mode": "fallback_all_outside",
        "outside_candidates_n": 0,
        "outside_total_n": 15160
      }
    },
    {
      "scene": "S_cardboard_box",
      "pair_id": "003",
      "ruler_distance_cm": 50.0,
      "bbox_w_px": 81,
      "bbox_h_px": 79,
      "opencv": {
        "z_inside_m": 0.5081648230552673,
        "z_outside_m": 0.5458066463470459,
        "depth_m": 0.037641823291778564,
        "width_m": 0.07114406410700065,
        "height_m": 0.0693874205488031,
        "volume_m3": 0.00018581897720929325,
        "volume_cm3": 185.81897720929325,
        "outside_mode": "fallback_all_outside",
        "outside_candidates_n": 0,
        "outside_total_n": 1569
      },
      "dav2": {
        "z_inside_m": 0.895956814289093,
        "z_outside_m": 0.8956261575222015,
        "depth_m": 0.0003306567668914795,
        "width_m": 0.12543569751571493,
        "height_m": 0.12233851979927751,
        "volume_m3": 5.074132289685999e-06,
        "volume_cm3": 5.074132289685999,
        "outside_mode": "fallback_all_outside",
        "outside_candidates_n": 0,
        "outside_total_n": 8640
      },
      "dav2_gt": {
        "z_inside_m": 0.613368809223175,
        "z_outside_m": 0.6031220555305481,
        "depth_m": 0.010246753692626953,
        "width_m": 0.08587282689550169,
        "height_m": 0.0837525101820325,
        "volume_m3": 7.369531663846891e-05,
        "volume_cm3": 73.69531663846891,
        "outside_mode": "closer_only",
        "outside_candidates_n": 3712,
        "outside_total_n": 8640
      },
      "foundation": {
        "z_inside_m": 0.9001838564872742,
        "z_outside_m": 0.8948725461959839,
        "depth_m": 0.005311310291290283,
        "width_m": 0.12602749164920551,
        "height_m": 0.12291570173194119,
        "volume_m3": 8.227622012043014e-05,
        "volume_cm3": 82.27622012043014,
        "outside_mode": "closer_only",
        "outside_candidates_n": 140,
        "outside_total_n": 8640
      }
    },
    {
      "scene": "S_cardboard_box",
      "pair_id": "004",
      "ruler_distance_cm": 75.0,
      "bbox_w_px": 49,
      "bbox_h_px": 47,
      "opencv": {
        "z_inside_m": 0.590498149394989,
        "z_outside_m": 0.5899841785430908,
        "depth_m": 0.0005139708518981934,
        "width_m": 0.05001078531691656,
        "height_m": 0.04796952877336894,
        "volume_m3": 1.2330128897769748e-06,
        "volume_cm3": 1.2330128897769748,
        "outside_mode": "fallback_all_outside",
        "outside_candidates_n": 0,
        "outside_total_n": 133
      },
      "dav2": {
        "z_inside_m": 0.975153774023056,
        "z_outside_m": 0.9597426652908325,
        "depth_m": 0.01541110873222351,
        "width_m": 0.08258824535456176,
        "height_m": 0.07921729656457964,
        "volume_m3": 0.00010082590784938865,
        "volume_cm3": 100.82590784938866,
        "outside_mode": "closer_only",
        "outside_candidates_n": 1007,
        "outside_total_n": 6080
      },
      "dav2_gt": {
        "z_inside_m": 0.7434975206851959,
        "z_outside_m": 0.73454749584198,
        "depth_m": 0.008950024843215942,
        "width_m": 0.06296868995905205,
        "height_m": 0.0603985393484785,
        "volume_m3": 3.4038885723153514e-05,
        "volume_cm3": 34.03888572315351,
        "outside_mode": "closer_only",
        "outside_candidates_n": 1169,
        "outside_total_n": 6080
      },
      "foundation": {
        "z_inside_m": 1.0591121912002563,
        "z_outside_m": 1.0213909149169922,
        "depth_m": 0.03772127628326416,
        "width_m": 0.08969889655863261,
        "height_m": 0.08603771710725984,
        "volume_m3": 0.00029111350788470723,
        "volume_cm3": 291.11350788470725,
        "outside_mode": "closer_only",
        "outside_candidates_n": 1205,
        "outside_total_n": 6080
      }
    },
    {
      "scene": "S_cardboard_box",
      "pair_id": "005",
      "ruler_distance_cm": 100.0,