{
  "variant": "inverse",
  "scale": -0.058478604284756666,
  "shift_m": 1.0263500360174926,
  "reference_valid_pixels": 11848,
  "fit_pixels": 275,
  "fit_correlation": -0.4189009738380473,
  "fit_mask_pixels": 275,
  "K": [
    [
      578.5633866174695,
      0.0,
      570.2612476255729
    ],
    [
      0.0,
      578.5633866174695,
      390.3019701809129
    ],
    [
      0.0,
      0.0,
      1.0
    ]
  ],
  "encoder": "vits",
  "scale_reference": "opencv-gt",
  "method_id": "dav2_gt",
  "gt_txt": "/Users/yashasvinigopalan/Documents/College/Spring 2026/Visual Computing Systems/Final Project/CS348K_Excavator_Progress_Tracking/data/L_cardboard_box_30/pair_000.txt",
  "target_gt_cm": 25.0,
  "wall_gt_cm": 100.0,
  "tolerance_cm": 5.0,
  "anchor_pixels": 275,
  "anchor_pixels_pct": 0.029839409722222224
}
