{
  "disparity_method": "stereobm",
  "disparity_coverage_pct": 2.3394097222222223,
  "stereo_point_count": 21560,
  "stereo_point_count_downsampled": 1339,
  "run_dir": "outputs/runs/excavator_S/pair_015",
  "dav2_coverage_pct": 100.0,
  "dav2_point_count": 916958,
  "dav2_point_count_downsampled": 7689,
  "dav2_scale_info": {
    "variant": "inverse",
    "scale": -0.3138535998072513,
    "shift_m": 1.0412459209287783,
    "reference_valid_pixels": 21560,
    "fit_correlation": -0.07079401525839414,
    "K": [
      [
        578.5633866174695,
        0.0,
        570.2612476255729
      ],
      [
        0.0,
        578.5633866174695,
        390.3019701809129
      ],
      [
        0.0,
        0.0,
        1.0
      ]
    ],
    "scale_reference": "auto",
    "encoder": "vits"
  },
  "data_source": "data/excavator_S",
  "data_pair_id": "015",
  "batch_stereo_method": "stereobm",
  "evaluation_summary": {
    "run": "pair_015",
    "methods": {
      "opencv": {
        "valid_lidar_points": 57,
        "projected_in_image": 57,
        "associated_pixels": 0,
        "association_rate": 0.0,
        "ray_median_error_m": null,
        "ray_mean_error_m": null,
        "ray_rmse_m": null,
        "ray_p90_m": null,
        "ray_max_error_m": null,
        "inlier_ratio": 0.0,
        "ray_inlier_tau_m": 0.05,
        "free_space_violation_pct": 0.0,
        "median_free_space_violation_m": null,
        "free_space_tau_m": 0.03,
        "error_vs_range": {
          "bin_edges_m": [
            0.17378582472081203,
            0.18669808131027132,
            0.19961033789973065,
            0.21252259448918995,
            0.22543485107864925,
            0.23834710766810857,
            0.2512593642575679,
            0.26417162084702717,
            0.2770838774364865
          ],
          "bins": [],
          "n_points": 0
        },
        "method": "opencv",
        "depth_coverage_pct": 2.3394097222222223
      },
      "dav2": {
        "valid_lidar_points": 57,
        "projected_in_image": 57,
        "associated_pixels": 37,
        "association_rate": 0.6491228070175439,
        "ray_median_error_m": 0.5658581920565426,
        "ray_mean_error_m": 0.5524233555152168,
        "ray_rmse_m": 0.5540107794643586,
        "ray_p90_m": 0.6027879330654414,
        "ray_max_error_m": 0.6102866392256132,
        "inlier_ratio": 0.0,
        "ray_inlier_tau_m": 0.05,
        "free_space_violation_pct": 0.0,
        "median_free_space_violation_m": null,
        "free_space_tau_m": 0.03,
        "error_vs_range": {
          "bin_edges_m": [
            0.17378582472081203,
            0.18669808131027132,
            0.19961033789973065,
            0.21252259448918995,
            0.22543485107864925,
            0.23834710766810857,
            0.2512593642575679,
            0.26417162084702717,
            0.2770838774364865
          ],
          "bins": [
            {
              "range_min_m": 0.17378582472081203,
              "range_max_m": 0.18669808131027132,
              "range_center_m": 0.1802419530155417,
              "count": 2,
              "median_error_m": 0.5661064491541379,
              "mean_error_m": 0.5661064491541379,
              "rmse_m": 0.5661077787417879,
              "p90_error_m": 0.5670879999449092
            },
            {
              "range_min_m": 0.18669808131027132,
              "range_max_m": 0.19961033789973065,
              "range_center_m": 0.193154209605001,
              "count": 1,
              "median_error_m": 0.5149942765230434,
              "mean_error_m": 0.5149942765230434,
              "rmse_m": 0.5149942765230434,
              "p90_error_m": 0.5149942765230434
            },
            {
              "range_min_m": 0.19961033789973065,
              "range_max_m": 0.21252259448918995,
              "range_center_m": 0.20606646619446028,
              "count": 6,
              "median_error_m": 0.51405581405868,
              "mean_error_m": 0.5172526251142342,
              "rmse_m": 0.5173938711923374,
              "p90_error_m": 0.5321942764021057
            },
            {
              "range_min_m": 0.21252259448918995,
              "range_max_m": 0.22543485107864925,
              "range_center_m": 0.2189787227839196,
              "count": 1,
              "median_error_m": 0.5661918574046209,
              "mean_error_m": 0.5661918574046209,
              "rmse_m": 0.5661918574046209,
              "p90_error_m": 0.5661918574046209
            },
            {
              "range_min_m": 0.22543485107864925,
              "range_max_m": 0.23834710766810857,
              "range_center_m": 0.2318909793733789,
              "count": 6,
              "median_error_m": 0.5042370610700385,
              "mean_error_m": 0.515787206421347,
              "rmse_m": 0.5167118484140296,
              "p90_error_m": 0.548696266345411
            },
            {
              "range_min_m": 0.23834710766810857,
              "range_max_m": 0.2512593642575679,
              "range_center_m": 0.24480323596283823,
              "count": 7,
              "median_error_m": 0.6036807169915734,
              "mean_error_m": 0.588572530314132,
              "rmse_m": 0.5899746129926233,
              "p90_error_m": 0.6097072453949652
            },
            {
              "range_min_m": 0.2512593642575679,
              "range_max_m": 0.26417162084702717,
              "range_center_m": 0.25771549255229753,
              "count": 7,
              "median_error_m": 0.5904353591617252,
              "mean_error_m": 0.5913186798407084,
              "rmse_m": 0.5913300093136297,
              "p90_error_m": 0.5964604017139443
            },
            {
              "range_min_m": 0.26417162084702717,
              "range_max_m": 0.2770838774364865,
              "range_center_m": 0.2706277491417568,
              "count": 5,
              "median_error_m": 0.5009425849009239,
              "mean_error_m": 0.5268854513150396,
              "rmse_m": 0.5279926932105093,
              "p90_error_m": 0.5700898738365944
            }
          ],
          "n_points": 37
        },
        "method": "dav2",
        "depth_coverage_pct": 100.0
      },
      "foundation": {
        "valid_lidar_points": 57,
        "projected_in_image": 57,
        "associated_pixels": 37,
        "association_rate": 0.6491228070175439,
        "ray_median_error_m": 0.7254602751763118,
        "ray_mean_error_m": 0.7471824118900503,
        "ray_rmse_m": 0.7478019248778398,
        "ray_p90_m": 0.7870312667484491,
        "ray_max_error_m": 0.8098959990443051,
        "inlier_ratio": 0.0,
        "ray_inlier_tau_m": 0.05,
        "free_space_violation_pct": 0.0,
        "median_free_space_violation_m": null,
        "free_space_tau_m": 0.03,
        "error_vs_range": {
          "bin_edges_m": [
            0.17378582472081203,
            0.18669808131027132,
            0.19961033789973065,
            0.21252259448918995,
            0.22543485107864925,
            0.23834710766810857,
            0.2512593642575679,
            0.26417162084702717,
            0.2770838774364865
          ],
          "bins": [
            {
              "range_min_m": 0.17378582472081203,
              "range_max_m": 0.18669808131027132,
              "range_center_m": 0.1802419530155417,
              "count": 2,
              "median_error_m": 0.8042668209345334,
              "mean_error_m": 0.8042668209345334,
              "rmse_m": 0.8042743112823275,
              "p90_error_m": 0.8070437006247191
            },
            {
              "range_min_m": 0.18669808131027132,
              "range_max_m": 0.19961033789973065,
              "range_center_m": 0.193154209605001,
              "count": 1,
              "median_error_m": 0.7902024517053859,
              "mean_error_m": 0.7902024517053859,
              "rmse_m": 0.7902024517053859,