{
  "variant": "inverse",
  "scale": 0.00363235423757801,
  "shift_m": 0.9945249844312738,
  "reference_valid_pixels": 13240,
  "fit_pixels": 1096,
  "fit_correlation": 0.31801156372895406,
  "fit_mask_pixels": 1096,
  "K": [
    [
      578.5633866174695,
      0.0,
      570.2612476255729
    ],
    [
      0.0,
      578.5633866174695,
      390.3019701809129
    ],
    [
      0.0,
      0.0,
      1.0
    ]
  ],
  "encoder": "vits",
  "scale_reference": "opencv-gt",
  "method_id": "dav2_gt",
  "gt_txt": "/Users/yashasvinigopalan/Documents/College/Spring 2026/Visual Computing Systems/Final Project/CS348K_Excavator_Progress_Tracking/data/S_cardboard_box_30/pair_001.txt",
  "target_gt_cm": 25.0,
  "wall_gt_cm": 100.0,
  "tolerance_cm": 5.0,
  "anchor_pixels": 1096,
  "anchor_pixels_pct": 0.1189236111111111
}
