{
  "disparity_method": "stereobm",
  "disparity_coverage_pct": 1.0160590277777777,
  "stereo_point_count": 9364,
  "stereo_point_count_downsampled": 548,
  "run_dir": "outputs/runs/excavator_S/pair_020",
  "dav2_coverage_pct": 100.0,
  "dav2_point_count": 921600,
  "dav2_point_count_downsampled": 6925,
  "dav2_scale_info": {
    "variant": "inverse",
    "scale": -0.06308547400860978,
    "shift_m": 0.9527349028702251,
    "reference_valid_pixels": 9364,
    "fit_correlation": -0.047530361629321956,
    "K": [
      [
        578.5633866174695,
        0.0,
        570.2612476255729
      ],
      [
        0.0,
        578.5633866174695,
        390.3019701809129
      ],
      [
        0.0,
        0.0,
        1.0
      ]
    ],
    "scale_reference": "auto",
    "encoder": "vits"
  },
  "data_source": "data/excavator_S",
  "data_pair_id": "020",
  "batch_stereo_method": "stereobm",
  "evaluation_summary": {
    "run": "pair_020",
    "methods": {
      "opencv": {
        "valid_lidar_points": 143,
        "projected_in_image": 90,
        "associated_pixels": 0,
        "association_rate": 0.0,
        "ray_median_error_m": null,
        "ray_mean_error_m": null,
        "ray_rmse_m": null,
        "ray_p90_m": null,
        "ray_max_error_m": null,
        "inlier_ratio": 0.0,
        "ray_inlier_tau_m": 0.05,
        "free_space_violation_pct": 0.0,
        "median_free_space_violation_m": null,
        "free_space_tau_m": 0.03,
        "error_vs_range": {
          "bin_edges_m": [
            0.23911379901482288,
            0.24192781144790523,
            0.24474182388098759,
            0.24755583631406994,
            0.2503698487471523,
            0.2531838611802346,
            0.255997873613317,
            0.2588118860463994,
            0.2616258984794817
          ],
          "bins": [],
          "n_points": 0
        },
        "method": "opencv",
        "depth_coverage_pct": 1.0160590277777777
      },
      "dav2": {
        "valid_lidar_points": 143,
        "projected_in_image": 90,
        "associated_pixels": 58,
        "association_rate": 0.6444444444444445,
        "ray_median_error_m": 0.6263308523050681,
        "ray_mean_error_m": 0.6262418514295183,
        "ray_rmse_m": 0.6264677632231542,
        "ray_p90_m": 0.6446517425198931,
        "ray_max_error_m": 0.6870520468858605,
        "inlier_ratio": 0.0,
        "ray_inlier_tau_m": 0.05,
        "free_space_violation_pct": 0.0,
        "median_free_space_violation_m": null,
        "free_space_tau_m": 0.03,
        "error_vs_range": {
          "bin_edges_m": [
            0.23911379901482288,
            0.24192781144790523,
            0.24474182388098759,
            0.24755583631406994,
            0.2503698487471523,
            0.2531838611802346,
            0.255997873613317,
            0.2588118860463994,
            0.2616258984794817
          ],
          "bins": [
            {
              "range_min_m": 0.23911379901482288,
              "range_max_m": 0.24192781144790523,
              "range_center_m": 0.24052080523136404,
              "count": 3,
              "median_error_m": 0.6448237982599574,
              "mean_error_m": 0.6441771780705703,
              "rmse_m": 0.6441780198125984,
              "p90_error_m": 0.6449645806698662
            },
            {
              "range_min_m": 0.24192781144790523,
              "range_max_m": 0.24474182388098759,
              "range_center_m": 0.24333481766444642,
              "count": 6,
              "median_error_m": 0.6401933907059869,
              "mean_error_m": 0.6382097395093056,
              "rmse_m": 0.6382553936726809,
              "p90_error_m": 0.6453015891296817
            },
            {
              "range_min_m": 0.24474182388098759,
              "range_max_m": 0.24755583631406994,
              "range_center_m": 0.24614883009752875,
              "count": 11,
              "median_error_m": 0.6348596956646474,
              "mean_error_m": 0.6405510275208312,
              "rmse_m": 0.6409357287993718,
              "p90_error_m": 0.6860058004939316
            },
            {
              "range_min_m": 0.24755583631406994,
              "range_max_m": 0.2503698487471523,
              "range_center_m": 0.24896284253061113,
              "count": 12,
              "median_error_m": 0.6274874079957677,
              "mean_error_m": 0.6272004247832897,
              "rmse_m": 0.6272166497490652,
              "p90_error_m": 0.633847077647619
            },
            {
              "range_min_m": 0.2503698487471523,
              "range_max_m": 0.2531838611802346,
              "range_center_m": 0.25177685496369345,
              "count": 6,
              "median_error_m": 0.6268046842650398,
              "mean_error_m": 0.6255940355002522,
              "rmse_m": 0.6256131187405106,
              "p90_error_m": 0.6299052858627083
            },
            {
              "range_min_m": 0.2531838611802346,
              "range_max_m": 0.255997873613317,
              "range_center_m": 0.25459086739677583,
              "count": 5,
              "median_error_m": 0.6149284672126654,
              "mean_error_m": 0.6184410031909628,
              "rmse_m": 0.6184780624005268,
              "p90_error_m": 0.6265235441295478
            },
            {
              "range_min_m": 0.255997873613317,
              "range_max_m": 0.2588118860463994,
              "range_center_m": 0.25740487982985816,
              "count": 7,
              "median_error_m": 0.6072039066720682,
              "mean_error_m": 0.6079672960783613,
              "rmse_m": 0.6079702873143854,
              "p90_error_m": 0.6102396748187026
            },
            {
              "range_min_m": 0.2588118860463994,
              "range_max_m": 0.2616258984794817,
              "range_center_m": 0.26021889226294054,
              "count": 6,
              "median_error_m": 0.6062469906849431,
              "mean_error_m": 0.6063172440842576,
              "rmse_m": 0.6063200232594338,
              "p90_error_m": 0.6085311267042253
            }
          ],
          "n_points": 58
        },
        "method": "dav2",
        "depth_coverage_pct": 100.0
      },
      "foundation": {
        "valid_lidar_points": 143,
        "projected_in_image": 90,
        "associated_pixels": 58,
        "association_rate": 0.6444444444444445,
        "ray_median_error_m": 0.6959001645772334,
        "ray_mean_error_m": 0.6945554233430071,
        "ray_rmse_m": 0.6945813936950153,
        "ray_p90_m": 0.701555077607559,
        "ray_max_error_m": 0.7066963941085522,
        "inlier_ratio": 0.0,
        "ray_inlier_tau_m": 0.05,
        "free_space_violation_pct": 0.0,
        "median_free_space_violation_m": null,
        "free_space_tau_m": 0.03,
        "error_vs_range": {
          "bin_edges_m": [
            0.23911379901482288,
            0.24192781144790523,
            0.24474182388098759,
            0.24755583631406994,
            0.2503698487471523,
            0.2531838611802346,
            0.255997873613317,
            0.2588118860463994,
            0.2616258984794817
          ],
          "bins": [
            {
              "range_min_m": 0.23911379901482288,
              "range_max_m": 0.24192781144790523,
              "range_center_m": 0.24052080523136404,
              "count": 3,
              "median_error_m": 0.7054556945844161,
              "mean_error_m": 0.7053535377240432,
              "rmse_m": 0.705353671718194,
              "p90_error_m": 0.7057531732066118
            },
            {
              "range_min_m": 0.24192781144790523,
              "range_max_m": 0.24474182388098759,
              "range_center_m": 0.24333481766444642,
              "count": 6,
              "median_error_m": 0.7012488623686082,
              "mean_error_m": 0.701425203862867,
              "rmse_m": 0.7014256761379556,