{
  "scene": "M_cardboardbox_30",
  "assumptions": {
    "z_inside": "median depth inside ROI polygon",
    "z_outside": "median outside-ring depth; prefer values closer than z_inside by margin",
    "depth_m": "abs(z_outside - z_inside)",
    "width_height": "ROI bbox pixels projected with fx/fy at z_inside"
  },
  "params": {
    "ring_pad_px": 24,
    "ring_inner_gap_px": 4,
    "outside_closer_margin_cm": 0.5
  },
  "rows": [
    {
      "scene": "M_cardboardbox_30",
      "pair_id": "000",
      "ruler_distance_cm": 20.0,
      "bbox_w_px": 528,
      "bbox_h_px": 431,
      "opencv": {
        "z_inside_m": 0.5910129547119141,
        "z_outside_m": 0.7507107853889465,
        "depth_m": 0.15969783067703247,
        "width_m": 0.5393615415456853,
        "height_m": 0.4402742886480877,
        "volume_m3": 0.037922967796139156,
        "volume_cm3": 37922.96779613916,
        "outside_mode": "fallback_all_outside",
        "outside_candidates_n": 0,
        "outside_total_n": 359
      },
      "dav2": {
        "z_inside_m": 0.8820798397064209,
        "z_outside_m": 0.8820798397064209,
        "depth_m": 0.0,
        "width_m": 0.8049907168994842,
        "height_m": 0.6571041647418138,
        "volume_m3": 0.0,
        "volume_cm3": 0.0,
        "outside_mode": "fallback_all_outside",
        "outside_candidates_n": 0,
        "outside_total_n": 33415
      },
      "dav2_gt": {
        "z_inside_m": 0.9976269006729126,
        "z_outside_m": 0.9582288861274719,
        "depth_m": 0.039398014545440674,
        "width_m": 0.9104395745380424,
        "height_m": 0.7431807890641974,
        "volume_m3": 0.026657531934528647,
        "volume_cm3": 26657.531934528648,
        "outside_mode": "closer_only",
        "outside_candidates_n": 17828,
        "outside_total_n": 33415
      },
      "foundation": {
        "z_inside_m": 0.8825349807739258,
        "z_outside_m": 0.8826397657394409,
        "depth_m": 0.00010478496551513672,
        "width_m": 0.8054060810396998,
        "height_m": 0.6574432214547549,
        "volume_m3": 5.548455804702435e-05,
        "volume_cm3": 55.48455804702435,
        "outside_mode": "fallback_all_outside",
        "outside_candidates_n": 0,
        "outside_total_n": 33415
      }
    },
    {
      "scene": "M_cardboardbox_30",
      "pair_id": "001",
      "ruler_distance_cm": 25.0,
      "bbox_w_px": 496,
      "bbox_h_px": 410,
      "opencv": {
        "z_inside_m": 0.5538331866264343,
        "z_outside_m": 1.1748558282852173,
        "depth_m": 0.621022641658783,
        "width_m": 0.47479890176378625,
        "height_m": 0.39247489863538787,
        "volume_m3": 0.11572548937012565,
        "volume_cm3": 115725.48937012565,
        "outside_mode": "fallback_all_outside",
        "outside_candidates_n": 0,
        "outside_total_n": 337
      },
      "dav2": {
        "z_inside_m": 0.8538607656955719,
        "z_outside_m": 0.8630102872848511,
        "depth_m": 0.009149521589279175,
        "width_m": 0.7320113052107465,
        "height_m": 0.6050899901943672,
        "volume_m3": 0.004052622424694311,
        "volume_cm3": 4052.6224246943107,
        "outside_mode": "fallback_all_outside",
        "outside_candidates_n": 0,
        "outside_total_n": 32068
      },
      "dav2_gt": {
        "z_inside_m": 0.9783198535442352,
        "z_outside_m": 0.9863094091415405,
        "depth_m": 0.007989555597305298,
        "width_m": 0.8387095668028725,
        "height_m": 0.6932881499781808,
        "volume_m3": 0.00464566615178155,
        "volume_cm3": 4645.66615178155,
        "outside_mode": "fallback_all_outside",
        "outside_candidates_n": 0,
        "outside_total_n": 32068
      },
      "foundation": {
        "z_inside_m": 0.8355644345283508,
        "z_outside_m": 0.8287662863731384,
        "depth_m": 0.006798148155212402,
        "width_m": 0.7163259361244,
        "height_m": 0.5921242617157338,
        "volume_m3": 0.0028834615020021316,
        "volume_cm3": 2883.4615020021315,
        "outside_mode": "closer_only",
        "outside_candidates_n": 180,
        "outside_total_n": 32068
      }
    },
    {
      "scene": "M_cardboardbox_30",
      "pair_id": "002",
      "ruler_distance_cm": 50.0,
      "bbox_w_px": 387,
      "bbox_h_px": 279,
      "dav2": {
        "z_inside_m": 0.7047543525695801,
        "z_outside_m": 0.6889922618865967,
        "depth_m": 0.0157620906829834,
        "width_m": 0.47140890825978893,
        "height_m": 0.3398529338617083,
        "volume_m3": 0.0025252398278998484,
        "volume_cm3": 2525.2398278998485,
        "outside_mode": "closer_only",
        "outside_candidates_n": 66,
        "outside_total_n": 27245
      },
      "dav2_gt": {
        "z_inside_m": 0.5398045778274536,
        "z_outside_m": 0.5413851141929626,
        "depth_m": 0.0015805363655090332,
        "width_m": 0.3610743030950669,
        "height_m": 0.2603093813010947,
        "volume_m3": 0.00014855623848480834,
        "volume_cm3": 148.55623848480835,
        "outside_mode": "fallback_all_outside",
        "outside_candidates_n": 0,
        "outside_total_n": 27245
      },
      "foundation": {
        "z_inside_m": 0.7185067534446716,
        "z_outside_m": 0.712130606174469,
        "depth_m": 0.006376147270202637,
        "width_m": 0.4806078642631686,
        "height_m": 0.3464847393525169,
        "volume_m3": 0.001061777024656788,
        "volume_cm3": 1061.777024656788,
        "outside_mode": "closer_only",
        "outside_candidates_n": 803,
        "outside_total_n": 27245
      }
    },
    {
      "scene": "M_cardboardbox_30",
      "pair_id": "003",
      "ruler_distance_cm": 75.0,
      "bbox_w_px": 251,
      "bbox_h_px": 171,
      "opencv": {
        "z_inside_m": 0.7947149276733398,
        "z_outside_m": 0.8031893968582153,
        "depth_m": 0.008474469184875488,
        "width_m": 0.34477371271662366,
        "height_m": 0.23488567679100658,
        "volume_m3": 0.0006862829113774781,
        "volume_cm3": 686.2829113774782,
        "outside_mode": "fallback_all_outside",
        "outside_candidates_n": 6,
        "outside_total_n": 33
      },
      "dav2": {
        "z_inside_m": 0.8979769349098206,
        "z_outside_m": 0.8979768753051758,
        "depth_m": 5.960464477539063e-08,
        "width_m": 0.3895721987872492,
        "height_m": 0.2654057609267714,
        "volume_m3": 6.162804714145977e-09,
        "volume_cm3": 0.006162804714145978,
        "outside_mode": "fallback_all_outside",
        "outside_candidates_n": 0,
        "outside_total_n": 19120
      },
      "dav2_gt": {
        "z_inside_m": 0.8149052262306213,
        "z_outside_m": 0.8147296011447906,
        "depth_m": 0.00017562508583068848,
        "width_m": 0.3535329343595727,
        "height_m": 0.24085311464337428,
        "volume_m3": 1.4954389715836943e-05,
        "volume_cm3": 14.954389715836943,
        "outside_mode": "fallback_all_outside",
        "outside_candidates_n": 0,
        "outside_total_n": 19120
      },
      "foundation": {
        "z_inside_m": 0.9878760576248169,
        "z_outside_m": 0.9876353740692139,
        "depth_m": 0.00024068355560302734,
        "width_m": 0.4285734220298517,
        "height_m": 0.2919763154067914,
        "volume_m3": 3.011752483551233e-05,
        "volume_cm3": 30.11752483551233,
        "outside_mode": "fallback_all_outside",
        "outside_candidates_n": 0,
        "outside_total_n": 19120
      }
    },
    {
      "scene": "M_cardboardbox_30",
      "pair_id": "004",
      "ruler_distance_cm": 100.0,
      "bbox_w_px": 184,
      "bbox_h_px": 123,
      "opencv": {
        "z_inside_m": 1.5165365934371948,
        "z_outside_m": 0.5570187568664551,
        "depth_m": 0.9595178365707397,
        "width_m": 0.48230278591227094,
        "height_m": 0.3224089275391811,
        "volume_m3": 0.14920379919894136,
        "volume_cm3": 149203.79919894136,
        "outside_mode": "closer_only",