{
  "variant": "direct",
  "scale": -0.016062751839093885,
  "shift_m": 1.0685532538739422,
  "reference_valid_pixels": 16738,
  "fit_pixels": 1236,
  "fit_correlation": -0.2033260930972355,
  "fit_mask_pixels": 1236,
  "K": [
    [
      578.5633866174695,
      0.0,
      570.2612476255729
    ],
    [
      0.0,
      578.5633866174695,
      390.3019701809129
    ],
    [
      0.0,
      0.0,
      1.0
    ]
  ],
  "encoder": "vits",
  "scale_reference": "opencv-gt",
  "method_id": "dav2_gt",
  "gt_txt": "/Users/yashasvinigopalan/Documents/College/Spring 2026/Visual Computing Systems/Final Project/CS348K_Excavator_Progress_Tracking/data/checkerboard_data_60/pair_002.txt",
  "target_gt_cm": 20.0,
  "wall_gt_cm": 100.0,
  "tolerance_cm": 5.0,
  "anchor_pixels": 1236,
  "anchor_pixels_pct": 0.13411458333333334
}
