{
  "disparity_method": "stereobm",
  "disparity_coverage_pct": 1.7277560763888888,
  "stereo_point_count": 15923,
  "stereo_point_count_downsampled": 973,
  "run_dir": "outputs/runs/L_carboard_box/pair_003",
  "dav2_coverage_pct": 94.02907986111111,
  "dav2_point_count": 856040,
  "dav2_point_count_downsampled": 7127,
  "dav2_scale_info": {
    "variant": "inverse",
    "scale": -0.08606436263272228,
    "shift_m": 0.9195369464696229,
    "reference_valid_pixels": 15923,
    "fit_correlation": -0.13511126420662198,
    "K": [
      [
        578.5633866174695,
        0.0,
        570.2612476255729
      ],
      [
        0.0,
        578.5633866174695,
        390.3019701809129
      ],
      [
        0.0,
        0.0,
        1.0
      ]
    ],
    "scale_reference": "auto",
    "encoder": "vits"
  },
  "data_source": "data/L_carboard_box",
  "data_pair_id": "003",
  "batch_stereo_method": "stereobm",
  "evaluation_summary": {
    "run": "pair_003",
    "methods": {
      "opencv": {
        "valid_lidar_points": 190,
        "projected_in_image": 76,
        "associated_pixels": 0,
        "association_rate": 0.0,
        "ray_median_error_m": null,
        "ray_mean_error_m": null,
        "ray_rmse_m": null,
        "ray_p90_m": null,
        "ray_max_error_m": null,
        "inlier_ratio": 0.0,
        "ray_inlier_tau_m": 0.05,
        "free_space_violation_pct": 0.0,
        "median_free_space_violation_m": null,
        "free_space_tau_m": 0.03,
        "error_vs_range": {
          "bin_edges_m": [
            0.5904413587134258,
            0.6143314109584337,
            0.6382214632034415,
            0.6621115154484495,
            0.6860015676934573,
            0.7098916199384652,
            0.7337816721834731,
            0.757671724428481,
            0.7815617766734888
          ],
          "bins": [],
          "n_points": 0
        },
        "method": "opencv",
        "depth_coverage_pct": 1.7277560763888888
      },
      "dav2": {
        "valid_lidar_points": 190,
        "projected_in_image": 76,
        "associated_pixels": 38,
        "association_rate": 0.5,
        "ray_median_error_m": 0.038522452969189935,
        "ray_mean_error_m": 0.10091297862010772,
        "ray_rmse_m": 0.1369322747400352,
        "ray_p90_m": 0.2195792024312139,
        "ray_max_error_m": 0.2324413626998798,
        "inlier_ratio": 0.5526315789473685,
        "ray_inlier_tau_m": 0.05,
        "free_space_violation_pct": 0.0,
        "median_free_space_violation_m": null,
        "free_space_tau_m": 0.03,
        "error_vs_range": {
          "bin_edges_m": [
            0.5904413587134258,
            0.6143314109584337,
            0.6382214632034415,
            0.6621115154484495,
            0.6860015676934573,
            0.7098916199384652,
            0.7337816721834731,
            0.757671724428481,
            0.7815617766734888
          ],
          "bins": [
            {
              "range_min_m": 0.5904413587134258,
              "range_max_m": 0.6143314109584337,
              "range_center_m": 0.6023863848359298,
              "count": 10,
              "median_error_m": 0.21471988171117046,
              "mean_error_m": 0.214850319918125,
              "rmse_m": 0.21496801892372913,
              "p90_error_m": 0.2231043764929711
            },
            {
              "range_min_m": 0.6143314109584337,
              "range_max_m": 0.6382214632034415,
              "range_center_m": 0.6262764370809376,
              "count": 5,
              "median_error_m": 0.19507395677518002,
              "mean_error_m": 0.1900994899476223,
              "rmse_m": 0.19042172697494622,
              "p90_error_m": 0.19952415779606694
            },
            {
              "range_min_m": 0.6382214632034415,
              "range_max_m": 0.6621115154484495,
              "range_center_m": 0.6501664893259456,
              "count": 0,
              "median_error_m": null,
              "mean_error_m": null,
              "rmse_m": null,
              "p90_error_m": null
            },
            {
              "range_min_m": 0.6621115154484495,
              "range_max_m": 0.6860015676934573,
              "range_center_m": 0.6740565415709534,
              "count": 0,
              "median_error_m": null,
              "mean_error_m": null,
              "rmse_m": null,
              "p90_error_m": null
            },
            {
              "range_min_m": 0.6860015676934573,
              "range_max_m": 0.7098916199384652,
              "range_center_m": 0.6979465938159612,
              "count": 0,
              "median_error_m": null,
              "mean_error_m": null,
              "rmse_m": null,
              "p90_error_m": null
            },
            {
              "range_min_m": 0.7098916199384652,
              "range_max_m": 0.7337816721834731,
              "range_center_m": 0.7218366460609691,
              "count": 3,
              "median_error_m": 0.043519155890876404,
              "mean_error_m": 0.0447176033069047,
              "rmse_m": 0.044899154416287855,
              "p90_error_m": 0.048821203805169563
            },
            {
              "range_min_m": 0.7337816721834731,
              "range_max_m": 0.757671724428481,
              "range_center_m": 0.745726698305977,
              "count": 12,
              "median_error_m": 0.02202235802930952,
              "mean_error_m": 0.024146601990551336,
              "rmse_m": 0.025129960409555254,
              "p90_error_m": 0.033505901420454655
            },
            {
              "range_min_m": 0.757671724428481,
              "range_max_m": 0.7815617766734888,
              "range_center_m": 0.7696167505509849,
              "count": 6,
              "median_error_m": 0.00700858678736932,
              "mean_error_m": 0.008863212380178898,
              "rmse_m": 0.011277188357911703,
              "p90_error_m": 0.01727145344528297
            }
          ],
          "n_points": 38
        },
        "method": "dav2",
        "depth_coverage_pct": 94.02907986111111
      },
      "foundation": {
        "valid_lidar_points": 190,
        "projected_in_image": 76,
        "associated_pixels": 38,
        "association_rate": 0.5,
        "ray_median_error_m": 0.0250458080080892,
        "ray_mean_error_m": 0.09309132460150485,
        "ray_rmse_m": 0.13201518896224107,
        "ray_p90_m": 0.2117947821793676,
        "ray_max_error_m": 0.22581630643309514,
        "inlier_ratio": 0.5789473684210527,
        "ray_inlier_tau_m": 0.05,
        "free_space_violation_pct": 0.0,
        "median_free_space_violation_m": null,
        "free_space_tau_m": 0.03,
        "error_vs_range": {
          "bin_edges_m": [
            0.5904413587134258,
            0.6143314109584337,
            0.6382214632034415,
            0.6621115154484495,
            0.6860015676934573,
            0.7098916199384652,
            0.7337816721834731,
            0.757671724428481,
            0.7815617766734888
          ],
          "bins": [
            {
              "range_min_m": 0.5904413587134258,
              "range_max_m": 0.6143314109584337,
              "range_center_m": 0.6023863848359298,
              "count": 10,
              "median_error_m": 0.20731987565533855,
              "mean_error_m": 0.20800519138190063,
              "rmse_m": 0.20809630771724472,
              "p90_error_m": 0.2153493830542504
            },
            {
              "range_min_m": 0.6143314109584337,
              "range_max_m": 0.6382214632034415,
              "range_center_m": 0.6262764370809376,
              "count": 5,
              "median_error_m": 0.190219277667514,
              "mean_error_m": 0.18530144717342184,
              "rmse_m": 0.18568648142174624,
              "p90_error_m": 0.19618133858219974
            },
            {
              "range_min_m": 0.6382214632034415,
              "range_max_m": 0.6621115154484495,