{
  "disparity_method": "stereobm",
  "disparity_coverage_pct": 1.521484375,
  "stereo_point_count": 14022,
  "stereo_point_count_downsampled": 790,
  "run_dir": "outputs/runs/M_cardboard_box/pair_000",
  "dav2_coverage_pct": 100.0,
  "dav2_point_count": 921600,
  "dav2_point_count_downsampled": 6695,
  "dav2_scale_info": {
    "variant": "direct",
    "scale": -0.07793032976636417,
    "shift_m": 0.9864226019736092,
    "reference_valid_pixels": 14022,
    "fit_correlation": -0.2170661371350451,
    "K": [
      [
        578.5633866174695,
        0.0,
        570.2612476255729
      ],
      [
        0.0,
        578.5633866174695,
        390.3019701809129
      ],
      [
        0.0,
        0.0,
        1.0
      ]
    ],
    "scale_reference": "auto",
    "encoder": "vits"
  },
  "data_source": "data/M_cardboard_box",
  "data_pair_id": "000",
  "batch_stereo_method": "stereobm",
  "evaluation_summary": {
    "run": "pair_000",
    "methods": {
      "opencv": {
        "valid_lidar_points": 101,
        "projected_in_image": 101,
        "associated_pixels": 0,
        "association_rate": 0.0,
        "ray_median_error_m": null,
        "ray_mean_error_m": null,
        "ray_rmse_m": null,
        "ray_p90_m": null,
        "ray_max_error_m": null,
        "inlier_ratio": 0.0,
        "ray_inlier_tau_m": 0.05,
        "free_space_violation_pct": 0.0,
        "median_free_space_violation_m": null,
        "free_space_tau_m": 0.03,
        "error_vs_range": {
          "bin_edges_m": [
            0.1790208810427759,
            0.18705696901373725,
            0.19509305698469864,
            0.20312914495566003,
            0.2111652329266214,
            0.21920132089758276,
            0.22723740886854416,
            0.23527349683950555,
            0.2433095848104669
          ],
          "bins": [],
          "n_points": 0
        },
        "method": "opencv",
        "depth_coverage_pct": 1.521484375
      },
      "dav2": {
        "valid_lidar_points": 101,
        "projected_in_image": 101,
        "associated_pixels": 62,
        "association_rate": 0.6138613861386139,
        "ray_median_error_m": 0.6953524058077796,
        "ray_mean_error_m": 0.6916197347778864,
        "ray_rmse_m": 0.6918703558792938,
        "ray_p90_m": 0.6998871754076234,
        "ray_max_error_m": 0.7033617080684642,
        "inlier_ratio": 0.0,
        "ray_inlier_tau_m": 0.05,
        "free_space_violation_pct": 0.0,
        "median_free_space_violation_m": null,
        "free_space_tau_m": 0.03,
        "error_vs_range": {
          "bin_edges_m": [
            0.1790208810427759,
            0.18705696901373725,
            0.19509305698469864,
            0.20312914495566003,
            0.2111652329266214,
            0.21920132089758276,
            0.22723740886854416,
            0.23527349683950555,
            0.2433095848104669
          ],
          "bins": [
            {
              "range_min_m": 0.1790208810427759,
              "range_max_m": 0.18705696901373725,
              "range_center_m": 0.18303892502825658,
              "count": 3,
              "median_error_m": 0.6637071546194204,
              "mean_error_m": 0.6635636329192529,
              "rmse_m": 0.6636227535316886,
              "p90_error_m": 0.6722133859210706
            },
            {
              "range_min_m": 0.18705696901373725,
              "range_max_m": 0.19509305698469864,
              "range_center_m": 0.19107501299921795,
              "count": 2,
              "median_error_m": 0.6832749975842725,
              "mean_error_m": 0.6832749975842725,
              "rmse_m": 0.6832783516793302,
              "p90_error_m": 0.6849877357120412
            },
            {
              "range_min_m": 0.19509305698469864,
              "range_max_m": 0.20312914495566003,
              "range_center_m": 0.19911110097017934,
              "count": 2,
              "median_error_m": 0.6904343134322065,
              "mean_error_m": 0.6904343134322065,
              "rmse_m": 0.6904355237643611,
              "p90_error_m": 0.6914685470352976
            },
            {
              "range_min_m": 0.20312914495566003,
              "range_max_m": 0.2111652329266214,
              "range_center_m": 0.2071471889411407,
              "count": 2,
              "median_error_m": 0.6967137982112925,
              "mean_error_m": 0.6967137982112925,
              "rmse_m": 0.6967152003383573,
              "p90_error_m": 0.6978320152240147
            },
            {
              "range_min_m": 0.2111652329266214,
              "range_max_m": 0.21920132089758276,
              "range_center_m": 0.2151832769121021,
              "count": 1,
              "median_error_m": 0.6994798835574394,
              "mean_error_m": 0.6994798835574394,
              "rmse_m": 0.6994798835574394,
              "p90_error_m": 0.6994798835574394
            },
            {
              "range_min_m": 0.21920132089758276,
              "range_max_m": 0.22723740886854416,
              "range_center_m": 0.22321936488306346,
              "count": 23,
              "median_error_m": 0.6966479909344812,
              "mean_error_m": 0.6963653545220785,
              "rmse_m": 0.6963683392292612,
              "p90_error_m": 0.6973073217583736
            },
            {
              "range_min_m": 0.22723740886854416,
              "range_max_m": 0.23527349683950555,
              "range_center_m": 0.23125545285402485,
              "count": 17,
              "median_error_m": 0.6947962808150773,
              "mean_error_m": 0.6940559696152394,
              "rmse_m": 0.6940658519831272,
              "p90_error_m": 0.6966868199070342
            },
            {
              "range_min_m": 0.23527349683950555,
              "range_max_m": 0.2433095848104669,
              "range_center_m": 0.23929154082498622,
              "count": 10,
              "median_error_m": 0.6960935656367788,
              "mean_error_m": 0.6978851158403397,
              "rmse_m": 0.6978943354078215,
              "p90_error_m": 0.7029345086863765
            }
          ],
          "n_points": 62
        },
        "method": "dav2",
        "depth_coverage_pct": 100.0
      },
      "foundation": {
        "valid_lidar_points": 101,
        "projected_in_image": 101,
        "associated_pixels": 62,
        "association_rate": 0.6138613861386139,
        "ray_median_error_m": 0.7116571420681933,
        "ray_mean_error_m": 0.7153831904687624,
        "ray_rmse_m": 0.7172392816689568,
        "ray_p90_m": 0.7825870841568895,
        "ray_max_error_m": 0.8522316474036922,
        "inlier_ratio": 0.0,
        "ray_inlier_tau_m": 0.05,
        "free_space_violation_pct": 0.0,
        "median_free_space_violation_m": null,
        "free_space_tau_m": 0.03,
        "error_vs_range": {
          "bin_edges_m": [
            0.1790208810427759,
            0.18705696901373725,
            0.19509305698469864,
            0.20312914495566003,
            0.2111652329266214,
            0.21920132089758276,
            0.22723740886854416,
            0.23527349683950555,
            0.2433095848104669
          ],
          "bins": [
            {
              "range_min_m": 0.1790208810427759,
              "range_max_m": 0.18705696901373725,
              "range_center_m": 0.18303892502825658,
              "count": 3,
              "median_error_m": 0.8199511941549429,
              "mean_error_m": 0.8199467102228214,
              "rmse_m": 0.8199519737157763,
              "p90_error_m": 0.8228244106141995
            },
            {
              "range_min_m": 0.18705696901373725,
              "range_max_m": 0.19509305698469864,
              "range_center_m": 0.19107501299921795,
              "count": 2,
              "median_error_m": 0.8117468489331494,
              "mean_error_m": 0.8117468489331494,
              "rmse_m": 0.8117488333145145,