{
  "variant": "flipped",
  "scale": 0.007200257387233542,
  "shift_m": 0.7608209763325103,
  "reference_valid_pixels": 17664,
  "fit_pixels": 1973,
  "fit_correlation": 0.20890972928581514,
  "fit_mask_pixels": 1973,
  "K": [
    [
      578.5633866174695,
      0.0,
      570.2612476255729
    ],
    [
      0.0,
      578.5633866174695,
      390.3019701809129
    ],
    [
      0.0,
      0.0,
      1.0
    ]
  ],
  "encoder": "vits",
  "scale_reference": "opencv-gt",
  "method_id": "dav2_gt",
  "gt_txt": "/Users/yashasvinigopalan/Documents/College/Spring 2026/Visual Computing Systems/Final Project/CS348K_Excavator_Progress_Tracking/data/checkerboard_data/pair_006.txt",
  "target_gt_cm": 75.0,
  "wall_gt_cm": 100.0,
  "tolerance_cm": 5.0,
  "anchor_pixels": 1973,
  "anchor_pixels_pct": 0.2140842013888889
}
