{
  "variant": "flipped",
  "scale": -0.009520338810693453,
  "shift_m": 1.0308102874696856,
  "reference_valid_pixels": 21271,
  "fit_pixels": 475,
  "fit_correlation": -0.6265594880388263,
  "fit_mask_pixels": 475,
  "K": [
    [
      578.5633866174695,
      0.0,
      570.2612476255729
    ],
    [
      0.0,
      578.5633866174695,
      390.3019701809129
    ],
    [
      0.0,
      0.0,
      1.0
    ]
  ],
  "encoder": "vits",
  "scale_reference": "opencv-gt",
  "method_id": "dav2_gt",
  "gt_txt": "/Users/yashasvinigopalan/Documents/College/Spring 2026/Visual Computing Systems/Final Project/CS348K_Excavator_Progress_Tracking/data/checkerboard_data/pair_003.txt",
  "target_gt_cm": 20.0,
  "wall_gt_cm": 100.0,
  "tolerance_cm": 5.0,
  "anchor_pixels": 475,
  "anchor_pixels_pct": 0.05154079861111111
}
