{
  "variant": "inverse",
  "scale": 0.060297173736826845,
  "shift_m": 0.9551386329374796,
  "reference_valid_pixels": 16048,
  "fit_pixels": 448,
  "fit_correlation": 0.6254160419899171,
  "fit_mask_pixels": 448,
  "K": [
    [
      578.5633866174695,
      0.0,
      570.2612476255729
    ],
    [
      0.0,
      578.5633866174695,
      390.3019701809129
    ],
    [
      0.0,
      0.0,
      1.0
    ]
  ],
  "encoder": "vits",
  "scale_reference": "opencv-gt",
  "method_id": "dav2_gt",
  "gt_txt": "/Users/yashasvinigopalan/Documents/College/Spring 2026/Visual Computing Systems/Final Project/CS348K_Excavator_Progress_Tracking/data/M_cardboard_box/pair_005.txt",
  "target_gt_cm": 100.0,
  "wall_gt_cm": 100.0,
  "tolerance_cm": 5.0,
  "anchor_pixels": 448,
  "anchor_pixels_pct": 0.04861111111111111
}
