{
  "variant": "direct",
  "scale": -0.0032300254565705904,
  "shift_m": 0.9895937107390316,
  "reference_valid_pixels": 16366,
  "fit_pixels": 537,
  "fit_correlation": -0.04946409079232932,
  "fit_mask_pixels": 537,
  "K": [
    [
      578.5633866174695,
      0.0,
      570.2612476255729
    ],
    [
      0.0,
      578.5633866174695,
      390.3019701809129
    ],
    [
      0.0,
      0.0,
      1.0
    ]
  ],
  "encoder": "vits",
  "scale_reference": "opencv-gt",
  "method_id": "dav2_gt",
  "gt_txt": "/Users/yashasvinigopalan/Documents/College/Spring 2026/Visual Computing Systems/Final Project/CS348K_Excavator_Progress_Tracking/data/checkerboard_data/pair_002.txt",
  "target_gt_cm": 15.0,
  "wall_gt_cm": 100.0,
  "tolerance_cm": 5.0,
  "anchor_pixels": 537,
  "anchor_pixels_pct": 0.058268229166666664
}
