{
  "disparity_method": "stereobm",
  "disparity_coverage_pct": 0.6382378472222222,
  "stereo_point_count": 5882,
  "stereo_point_count_downsampled": 339,
  "run_dir": "outputs/runs/excavator_S/pair_021",
  "dav2_coverage_pct": 99.435546875,
  "dav2_point_count": 875637,
  "dav2_point_count_downsampled": 9072,
  "dav2_scale_info": {
    "variant": "inverse",
    "scale": -0.4304263017054354,
    "shift_m": 1.0925002029603896,
    "reference_valid_pixels": 5882,
    "fit_correlation": -0.2693267300991671,
    "K": [
      [
        578.5633866174695,
        0.0,
        570.2612476255729
      ],
      [
        0.0,
        578.5633866174695,
        390.3019701809129
      ],
      [
        0.0,
        0.0,
        1.0
      ]
    ],
    "scale_reference": "auto",
    "encoder": "vits"
  },
  "data_source": "data/excavator_S",
  "data_pair_id": "021",
  "batch_stereo_method": "stereobm",
  "evaluation_summary": {
    "run": "pair_021",
    "methods": {
      "opencv": {
        "valid_lidar_points": 98,
        "projected_in_image": 78,
        "associated_pixels": 0,
        "association_rate": 0.0,
        "ray_median_error_m": null,
        "ray_mean_error_m": null,
        "ray_rmse_m": null,
        "ray_p90_m": null,
        "ray_max_error_m": null,
        "inlier_ratio": 0.0,
        "ray_inlier_tau_m": 0.05,
        "free_space_violation_pct": 0.0,
        "median_free_space_violation_m": null,
        "free_space_tau_m": 0.03,
        "error_vs_range": {
          "bin_edges_m": [
            0.2495869807292848,
            0.25277731463244296,
            0.2559676485356011,
            0.25915798243875926,
            0.26234831634191746,
            0.2655386502450756,
            0.26872898414823376,
            0.2719193180513919,
            0.27510965195455006
          ],
          "bins": [],
          "n_points": 0
        },
        "method": "opencv",
        "depth_coverage_pct": 0.6382378472222222
      },
      "dav2": {
        "valid_lidar_points": 98,
        "projected_in_image": 78,
        "associated_pixels": 52,
        "association_rate": 0.6666666666666666,
        "ray_median_error_m": 0.2594855670117291,
        "ray_mean_error_m": 0.27351408939176053,
        "ray_rmse_m": 0.28929111449791034,
        "ray_p90_m": 0.2907578708130122,
        "ray_max_error_m": 0.72992724565546,
        "inlier_ratio": 0.0,
        "ray_inlier_tau_m": 0.05,
        "free_space_violation_pct": 0.0,
        "median_free_space_violation_m": null,
        "free_space_tau_m": 0.03,
        "error_vs_range": {
          "bin_edges_m": [
            0.2495869807292848,
            0.25277731463244296,
            0.2559676485356011,
            0.25915798243875926,
            0.26234831634191746,
            0.2655386502450756,
            0.26872898414823376,
            0.2719193180513919,
            0.27510965195455006
          ],
          "bins": [
            {
              "range_min_m": 0.2495869807292848,
              "range_max_m": 0.25277731463244296,
              "range_center_m": 0.2511821476808639,
              "count": 4,
              "median_error_m": 0.21120379583478427,
              "mean_error_m": 0.21139254695332682,
              "rmse_m": 0.21142888790043987,
              "p90_error_m": 0.2154430526278514
            },
            {
              "range_min_m": 0.25277731463244296,
              "range_max_m": 0.2559676485356011,
              "range_center_m": 0.25437248158402204,
              "count": 2,
              "median_error_m": 0.22721526288551097,
              "mean_error_m": 0.22721526288551097,
              "rmse_m": 0.2272335941856244,
              "p90_error_m": 0.22952429050910347
            },
            {
              "range_min_m": 0.2559676485356011,
              "range_max_m": 0.25915798243875926,
              "range_center_m": 0.2575628154871802,
              "count": 15,
              "median_error_m": 0.2725358257394887,
              "mean_error_m": 0.3242085603112447,
              "rmse_m": 0.3614850162512351,
              "p90_error_m": 0.5597175722334381
            },
            {
              "range_min_m": 0.25915798243875926,
              "range_max_m": 0.26234831634191746,
              "range_center_m": 0.26075314939033833,
              "count": 13,
              "median_error_m": 0.2426234130230388,
              "mean_error_m": 0.2572972076533726,
              "rmse_m": 0.25827543713622136,
              "p90_error_m": 0.288346343345991
            },
            {
              "range_min_m": 0.26234831634191746,
              "range_max_m": 0.2655386502450756,
              "range_center_m": 0.26394348329349654,
              "count": 7,
              "median_error_m": 0.24724442288470805,
              "mean_error_m": 0.2606144962607736,
              "rmse_m": 0.26131781391056735,
              "p90_error_m": 0.2842713724099245
            },
            {
              "range_min_m": 0.2655386502450756,
              "range_max_m": 0.26872898414823376,
              "range_center_m": 0.2671338171966547,
              "count": 5,
              "median_error_m": 0.2703507309311768,
              "mean_error_m": 0.2667770149316316,
              "rmse_m": 0.2669973208740768,
              "p90_error_m": 0.27795976683163487
            },
            {
              "range_min_m": 0.26872898414823376,
              "range_max_m": 0.2719193180513919,
              "range_center_m": 0.27032415109981284,
              "count": 1,
              "median_error_m": 0.27216289022706436,
              "mean_error_m": 0.27216289022706436,
              "rmse_m": 0.27216289022706436,
              "p90_error_m": 0.27216289022706436
            },
            {
              "range_min_m": 0.2719193180513919,
              "range_max_m": 0.27510965195455006,
              "range_center_m": 0.273514485002971,
              "count": 3,
              "median_error_m": 0.2729409102246007,
              "mean_error_m": 0.27217821287177346,
              "rmse_m": 0.2721833603184627,
              "p90_error_m": 0.27357833879000804
            }
          ],
          "n_points": 52
        },
        "method": "dav2",
        "depth_coverage_pct": 99.435546875
      },
      "foundation": {
        "valid_lidar_points": 98,
        "projected_in_image": 78,
        "associated_pixels": 52,
        "association_rate": 0.6666666666666666,
        "ray_median_error_m": 0.24848401494480485,
        "ray_mean_error_m": 0.26175185894964004,
        "ray_rmse_m": 0.27489294480421295,
        "ray_p90_m": 0.27243110841567125,
        "ray_max_error_m": 0.6687470117000767,
        "inlier_ratio": 0.0,
        "ray_inlier_tau_m": 0.05,
        "free_space_violation_pct": 0.0,
        "median_free_space_violation_m": null,
        "free_space_tau_m": 0.03,
        "error_vs_range": {
          "bin_edges_m": [
            0.2495869807292848,
            0.25277731463244296,
            0.2559676485356011,
            0.25915798243875926,
            0.26234831634191746,
            0.2655386502450756,
            0.26872898414823376,
            0.2719193180513919,
            0.27510965195455006
          ],
          "bins": [
            {
              "range_min_m": 0.2495869807292848,
              "range_max_m": 0.25277731463244296,
              "range_center_m": 0.2511821476808639,
              "count": 4,
              "median_error_m": 0.2095247627937839,
              "mean_error_m": 0.2091253054753605,
              "rmse_m": 0.2093847420803667,
              "p90_error_m": 0.21964908364880562
            },
            {
              "range_min_m": 0.25277731463244296,
              "range_max_m": 0.2559676485356011,
              "range_center_m": 0.25437248158402204,
              "count": 2,
              "median_error_m": 0.2152830388502479,
              "mean_error_m": 0.2152830388502479,
              "rmse_m": 0.21528587912763045,