{
  "disparity_method": "stereobm",
  "disparity_coverage_pct": 0.8783637152777778,
  "stereo_point_count": 8095,
  "stereo_point_count_downsampled": 490,
  "run_dir": "outputs/runs/excavator_M/pair_011",
  "dav2_coverage_pct": 100.0,
  "dav2_point_count": 921600,
  "dav2_point_count_downsampled": 7946,
  "dav2_scale_info": {
    "variant": "flipped",
    "scale": -0.05075320516398761,
    "shift_m": 0.9964458827034985,
    "reference_valid_pixels": 8095,
    "fit_correlation": -0.139253956495233,
    "K": [
      [
        578.5633866174695,
        0.0,
        570.2612476255729
      ],
      [
        0.0,
        578.5633866174695,
        390.3019701809129
      ],
      [
        0.0,
        0.0,
        1.0
      ]
    ],
    "scale_reference": "auto",
    "encoder": "vits"
  },
  "data_source": "data/excavator_M",
  "data_pair_id": "011",
  "batch_stereo_method": "stereobm",
  "evaluation_summary": {
    "run": "pair_011",
    "methods": {
      "opencv": {
        "valid_lidar_points": 100,
        "projected_in_image": 67,
        "associated_pixels": 0,
        "association_rate": 0.0,
        "ray_median_error_m": null,
        "ray_mean_error_m": null,
        "ray_rmse_m": null,
        "ray_p90_m": null,
        "ray_max_error_m": null,
        "inlier_ratio": 0.0,
        "ray_inlier_tau_m": 0.05,
        "free_space_violation_pct": 0.0,
        "median_free_space_violation_m": null,
        "free_space_tau_m": 0.03,
        "error_vs_range": {
          "bin_edges_m": [
            0.25507030247830603,
            0.27330706308471003,
            0.29154382369111403,
            0.30978058429751804,
            0.32801734490392204,
            0.34625410551032604,
            0.36449086611673004,
            0.38272762672313404,
            0.40096438732953804
          ],
          "bins": [],
          "n_points": 0
        },
        "method": "opencv",
        "depth_coverage_pct": 0.8783637152777778
      },
      "dav2": {
        "valid_lidar_points": 100,
        "projected_in_image": 67,
        "associated_pixels": 54,
        "association_rate": 0.8059701492537313,
        "ray_median_error_m": 0.40859744491035577,
        "ray_mean_error_m": 0.43017601487130935,
        "ray_rmse_m": 0.4324791472978684,
        "ray_p90_m": 0.5038862442745493,
        "ray_max_error_m": 0.5083116601223201,
        "inlier_ratio": 0.0,
        "ray_inlier_tau_m": 0.05,
        "free_space_violation_pct": 0.0,
        "median_free_space_violation_m": null,
        "free_space_tau_m": 0.03,
        "error_vs_range": {
          "bin_edges_m": [
            0.25507030247830603,
            0.27330706308471003,
            0.29154382369111403,
            0.30978058429751804,
            0.32801734490392204,
            0.34625410551032604,
            0.36449086611673004,
            0.38272762672313404,
            0.40096438732953804
          ],
          "bins": [
            {
              "range_min_m": 0.25507030247830603,
              "range_max_m": 0.27330706308471003,
              "range_center_m": 0.26418868278150803,
              "count": 10,
              "median_error_m": 0.5038733975152541,
              "mean_error_m": 0.5008136515365285,
              "rmse_m": 0.5008475004314441,
              "p90_error_m": 0.5062459774970249
            },
            {
              "range_min_m": 0.27330706308471003,
              "range_max_m": 0.29154382369111403,
              "range_center_m": 0.28242544338791203,
              "count": 1,
              "median_error_m": 0.49756394209719085,
              "mean_error_m": 0.49756394209719085,
              "rmse_m": 0.49756394209719085,
              "p90_error_m": 0.49756394209719085
            },
            {
              "range_min_m": 0.29154382369111403,
              "range_max_m": 0.30978058429751804,
              "range_center_m": 0.30066220399431604,
              "count": 3,
              "median_error_m": 0.46720402761480073,
              "mean_error_m": 0.4661995713718634,
              "rmse_m": 0.4662094965687706,
              "p90_error_m": 0.4688969351721557
            },
            {
              "range_min_m": 0.30978058429751804,
              "range_max_m": 0.32801734490392204,
              "range_center_m": 0.31889896460072004,
              "count": 1,
              "median_error_m": 0.45705771029341,
              "mean_error_m": 0.45705771029341,
              "rmse_m": 0.45705771029341,
              "p90_error_m": 0.45705771029341
            },
            {
              "range_min_m": 0.32801734490392204,
              "range_max_m": 0.34625410551032604,
              "range_center_m": 0.33713572520712404,
              "count": 3,
              "median_error_m": 0.4419326347036206,
              "mean_error_m": 0.44040954482045214,
              "rmse_m": 0.44041514944678417,
              "p90_error_m": 0.442009059245767
            },
            {
              "range_min_m": 0.34625410551032604,
              "range_max_m": 0.36449086611673004,
              "range_center_m": 0.35537248581352804,
              "count": 10,
              "median_error_m": 0.3937437128987691,
              "mean_error_m": 0.39452366035610353,
              "rmse_m": 0.3945389770639035,
              "p90_error_m": 0.3996624042709523
            },
            {
              "range_min_m": 0.36449086611673004,
              "range_max_m": 0.38272762672313404,
              "range_center_m": 0.37360924641993204,
              "count": 9,
              "median_error_m": 0.4126558456800208,
              "mean_error_m": 0.4109218022106298,
              "rmse_m": 0.41110147498917593,
              "p90_error_m": 0.42314891844855407
            },
            {
              "range_min_m": 0.38272762672313404,
              "range_max_m": 0.40096438732953804,
              "range_center_m": 0.39184600702633604,
              "count": 15,
              "median_error_m": 0.3913289288716084,
              "mean_error_m": 0.3960930846467615,
              "rmse_m": 0.39659420737220946,
              "p90_error_m": 0.42325698444349014
            }
          ],
          "n_points": 54
        },
        "method": "dav2",
        "depth_coverage_pct": 100.0
      },
      "foundation": {
        "valid_lidar_points": 100,
        "projected_in_image": 67,
        "associated_pixels": 54,
        "association_rate": 0.8059701492537313,
        "ray_median_error_m": 0.46626806902277773,
        "ray_mean_error_m": 0.47855447801596496,
        "ray_rmse_m": 0.4812851822765911,
        "ray_p90_m": 0.5639226971717539,
        "ray_max_error_m": 0.5690933774227351,
        "inlier_ratio": 0.0,
        "ray_inlier_tau_m": 0.05,
        "free_space_violation_pct": 0.0,
        "median_free_space_violation_m": null,
        "free_space_tau_m": 0.03,
        "error_vs_range": {
          "bin_edges_m": [
            0.25507030247830603,
            0.27330706308471003,
            0.29154382369111403,
            0.30978058429751804,
            0.32801734490392204,
            0.34625410551032604,
            0.36449086611673004,
            0.38272762672313404,
            0.40096438732953804
          ],
          "bins": [
            {
              "range_min_m": 0.25507030247830603,
              "range_max_m": 0.27330706308471003,
              "range_center_m": 0.26418868278150803,
              "count": 10,
              "median_error_m": 0.5636213322382955,
              "mean_error_m": 0.5606497053847951,
              "rmse_m": 0.5606906412771209,
              "p90_error_m": 0.5673998960017399
            },
            {
              "range_min_m": 0.27330706308471003,
              "range_max_m": 0.29154382369111403,
              "range_center_m": 0.28242544338791203,
              "count": 1,
              "median_error_m": 0.5505406099782029,
              "mean_error_m": 0.5505406099782029,
              "rmse_m": 0.5505406099782029,