{
  "variant": "flipped",
  "scale": -0.006995862894269973,
  "shift_m": 1.041248344533446,
  "reference_valid_pixels": 16722,
  "fit_pixels": 439,
  "fit_correlation": -0.5973489835108499,
  "fit_mask_pixels": 439,
  "K": [
    [
      578.5633866174695,
      0.0,
      570.2612476255729
    ],
    [
      0.0,
      578.5633866174695,
      390.3019701809129
    ],
    [
      0.0,
      0.0,
      1.0
    ]
  ],
  "encoder": "vits",
  "scale_reference": "opencv-gt",
  "method_id": "dav2_gt",
  "gt_txt": "/Users/yashasvinigopalan/Documents/College/Spring 2026/Visual Computing Systems/Final Project/CS348K_Excavator_Progress_Tracking/data/L_carboard_box/pair_004.txt",
  "target_gt_cm": 100.0,
  "wall_gt_cm": 100.0,
  "tolerance_cm": 5.0,
  "anchor_pixels": 439,
  "anchor_pixels_pct": 0.04763454861111111
}
