{
  "variant": "flipped",
  "scale": 0.025972571142948705,
  "shift_m": 0.45404435227922374,
  "reference_valid_pixels": 26053,
  "fit_pixels": 12255,
  "fit_correlation": 0.2645309230921985,
  "fit_mask_pixels": 12255,
  "K": [
    [
      578.5633866174695,
      0.0,
      570.2612476255729
    ],
    [
      0.0,
      578.5633866174695,
      390.3019701809129
    ],
    [
      0.0,
      0.0,
      1.0
    ]
  ],
  "encoder": "vits",
  "scale_reference": "opencv-gt",
  "method_id": "dav2_gt",
  "gt_txt": "/Users/yashasvinigopalan/Documents/College/Spring 2026/Visual Computing Systems/Final Project/CS348K_Excavator_Progress_Tracking/data/M_cardboard_box/pair_003.txt",
  "target_gt_cm": 50.0,
  "wall_gt_cm": 100.0,
  "tolerance_cm": 5.0,
  "anchor_pixels": 12255,
  "anchor_pixels_pct": 1.3297526041666667
}
