{
  "disparity_method": "stereobm",
  "disparity_coverage_pct": 1.0161675347222223,
  "stereo_point_count": 9365,
  "stereo_point_count_downsampled": 681,
  "run_dir": "outputs/runs/excavator_M/pair_008",
  "dav2_coverage_pct": 100.0,
  "dav2_point_count": 921600,
  "dav2_point_count_downsampled": 9649,
  "dav2_scale_info": {
    "variant": "direct",
    "scale": -0.0639601383634027,
    "shift_m": 1.1759478384012427,
    "reference_valid_pixels": 9365,
    "fit_correlation": -0.1395719270565712,
    "K": [
      [
        578.5633866174695,
        0.0,
        570.2612476255729
      ],
      [
        0.0,
        578.5633866174695,
        390.3019701809129
      ],
      [
        0.0,
        0.0,
        1.0
      ]
    ],
    "scale_reference": "auto",
    "encoder": "vits"
  },
  "data_source": "data/excavator_M",
  "data_pair_id": "008",
  "batch_stereo_method": "stereobm",
  "evaluation_summary": {
    "run": "pair_008",
    "methods": {
      "opencv": {
        "valid_lidar_points": 258,
        "projected_in_image": 136,
        "associated_pixels": 0,
        "association_rate": 0.0,
        "ray_median_error_m": null,
        "ray_mean_error_m": null,
        "ray_rmse_m": null,
        "ray_p90_m": null,
        "ray_max_error_m": null,
        "inlier_ratio": 0.0,
        "ray_inlier_tau_m": 0.05,
        "free_space_violation_pct": 0.0,
        "median_free_space_violation_m": null,
        "free_space_tau_m": 0.03,
        "error_vs_range": {
          "bin_edges_m": [
            0.18214663658828564,
            0.20298804971775036,
            0.22382946284721508,
            0.2446708759766798,
            0.26551228910614455,
            0.28635370223560924,
            0.307195115365074,
            0.3280365284945387,
            0.34887794162400343
          ],
          "bins": [],
          "n_points": 0
        },
        "method": "opencv",
        "depth_coverage_pct": 1.0161675347222223
      },
      "dav2": {
        "valid_lidar_points": 258,
        "projected_in_image": 136,
        "associated_pixels": 87,
        "association_rate": 0.6397058823529411,
        "ray_median_error_m": 0.7858691818081058,
        "ray_mean_error_m": 0.7605106687150546,
        "ray_rmse_m": 0.763399634046885,
        "ray_p90_m": 0.8328833996029956,
        "ray_max_error_m": 0.8894252721994002,
        "inlier_ratio": 0.0,
        "ray_inlier_tau_m": 0.05,
        "free_space_violation_pct": 0.0,
        "median_free_space_violation_m": null,
        "free_space_tau_m": 0.03,
        "error_vs_range": {
          "bin_edges_m": [
            0.18214663658828564,
            0.20298804971775036,
            0.22382946284721508,
            0.2446708759766798,
            0.26551228910614455,
            0.28635370223560924,
            0.307195115365074,
            0.3280365284945387,
            0.34887794162400343
          ],
          "bins": [
            {
              "range_min_m": 0.18214663658828564,
              "range_max_m": 0.20298804971775036,
              "range_center_m": 0.192567343153018,
              "count": 4,
              "median_error_m": 0.8310959681154781,
              "mean_error_m": 0.8450059653755377,
              "rmse_m": 0.8453966236326339,
              "p90_error_m": 0.8724413495724213
            },
            {
              "range_min_m": 0.20298804971775036,
              "range_max_m": 0.22382946284721508,
              "range_center_m": 0.21340875628248274,
              "count": 6,
              "median_error_m": 0.848195255085641,
              "mean_error_m": 0.838636700589667,
              "rmse_m": 0.8387820733657758,
              "p90_error_m": 0.8508382940324105
            },
            {
              "range_min_m": 0.22382946284721508,
              "range_max_m": 0.2446708759766798,
              "range_center_m": 0.23425016941194743,
              "count": 9,
              "median_error_m": 0.8202728638083542,
              "mean_error_m": 0.8018258983987818,
              "rmse_m": 0.8033379852308663,
              "p90_error_m": 0.8439444213947458
            },
            {
              "range_min_m": 0.2446708759766798,
              "range_max_m": 0.26551228910614455,
              "range_center_m": 0.2550915825414122,
              "count": 4,
              "median_error_m": 0.7951525625291311,
              "mean_error_m": 0.7951849997445937,
              "rmse_m": 0.795233477017783,
              "p90_error_m": 0.8046188817842221
            },
            {
              "range_min_m": 0.26551228910614455,
              "range_max_m": 0.28635370223560924,
              "range_center_m": 0.2759329956708769,
              "count": 7,
              "median_error_m": 0.7527521826262824,
              "mean_error_m": 0.7443929853698751,
              "rmse_m": 0.7447093572906354,
              "p90_error_m": 0.7581937585640585
            },
            {
              "range_min_m": 0.28635370223560924,
              "range_max_m": 0.307195115365074,
              "range_center_m": 0.2967744088003416,
              "count": 3,
              "median_error_m": 0.7199073939954974,
              "mean_error_m": 0.7089846860827663,
              "rmse_m": 0.7094408588782872,
              "p90_error_m": 0.7305466936627689
            },
            {
              "range_min_m": 0.307195115365074,
              "range_max_m": 0.3280365284945387,
              "range_center_m": 0.3176158219298063,
              "count": 13,
              "median_error_m": 0.6651824383474642,
              "mean_error_m": 0.6832584829188845,
              "rmse_m": 0.6850271711446956,
              "p90_error_m": 0.7718305838078972
            },
            {
              "range_min_m": 0.3280365284945387,
              "range_max_m": 0.34887794162400343,
              "range_center_m": 0.33845723505927106,
              "count": 37,
              "median_error_m": 0.7862140804209532,
              "mean_error_m": 0.7569113783552199,
              "rmse_m": 0.759301532036519,
              "p90_error_m": 0.7934824319919129
            }
          ],
          "n_points": 87
        },
        "method": "dav2",
        "depth_coverage_pct": 100.0
      },
      "foundation": {
        "valid_lidar_points": 258,
        "projected_in_image": 136,
        "associated_pixels": 87,
        "association_rate": 0.6397058823529411,
        "ray_median_error_m": 0.6829042468013652,
        "ray_mean_error_m": 0.6865052012618327,
        "ray_rmse_m": 0.6905846813413853,
        "ray_p90_m": 0.7923832987724189,
        "ray_max_error_m": 0.8717929083352686,
        "inlier_ratio": 0.0,
        "ray_inlier_tau_m": 0.05,
        "free_space_violation_pct": 0.0,
        "median_free_space_violation_m": null,
        "free_space_tau_m": 0.03,
        "error_vs_range": {
          "bin_edges_m": [
            0.18214663658828564,
            0.20298804971775036,
            0.22382946284721508,
            0.2446708759766798,
            0.26551228910614455,
            0.28635370223560924,
            0.307195115365074,
            0.3280365284945387,
            0.34887794162400343
          ],
          "bins": [
            {
              "range_min_m": 0.18214663658828564,
              "range_max_m": 0.20298804971775036,
              "range_center_m": 0.192567343153018,
              "count": 4,
              "median_error_m": 0.8553683277749952,
              "mean_error_m": 0.8396806479927252,
              "rmse_m": 0.8403265733396469,
              "p90_error_m": 0.8626183145869134
            },
            {
              "range_min_m": 0.20298804971775036,
              "range_max_m": 0.22382946284721508,
              "range_center_m": 0.21340875628248274,
              "count": 6,
              "median_error_m": 0.7430878484280862,
              "mean_error_m": 0.7724844359151625,
              "rmse_m": 0.7736740738155318,