{
  "variant": "flipped",
  "scale": -0.010427937832721938,
  "shift_m": 1.0226947202625236,
  "reference_valid_pixels": 14160,
  "fit_pixels": 481,
  "fit_correlation": -0.4228649123539913,
  "fit_mask_pixels": 481,
  "K": [
    [
      578.5633866174695,
      0.0,
      570.2612476255729
    ],
    [
      0.0,
      578.5633866174695,
      390.3019701809129
    ],
    [
      0.0,
      0.0,
      1.0
    ]
  ],
  "encoder": "vits",
  "scale_reference": "opencv-gt",
  "method_id": "dav2_gt",
  "gt_txt": "/Users/yashasvinigopalan/Documents/College/Spring 2026/Visual Computing Systems/Final Project/CS348K_Excavator_Progress_Tracking/data/M_cardboardbox_30/pair_001.txt",
  "target_gt_cm": 25.0,
  "wall_gt_cm": 100.0,
  "tolerance_cm": 5.0,
  "anchor_pixels": 481,
  "anchor_pixels_pct": 0.052191840277777776
}
