{
  "settings": {
    "pair_dir": "stereo_pairs",
    "checkerboard_inner_corners": [
      9,
      6
    ],
    "square_size_m": 0.025,
    "grid_size": [
      5,
      5
    ],
    "rgb1_calibration": "C:\\Ashmitha\\Stanford\\Quarter 3\\CS 348K\\CS348K_Excavator_Progress_Tracking\\01_rgb_calibration\\config\\camera_calibration_L_normal_no_outliers.npz",
    "rgb2_calibration": "C:\\Ashmitha\\Stanford\\Quarter 3\\CS 348K\\CS348K_Excavator_Progress_Tracking\\01_rgb_calibration\\config\\camera_calibration_R_normal_no_outliers.npz"
  },
  "summary": {
    "total_pairs": 28,
    "valid_pairs": 28,
    "invalid_pairs": 0,
    "rgb1_grid_coverage_percent": 72.0,
    "rgb2_grid_coverage_percent": 80.0,
    "stereo": {
      "stereo_rms_error_px": 27.364479554168444,
      "baseline_m": 0.04547470333249094,
      "R_rgb1_to_rgb2": [
        [
          0.9987363248770968,
          -0.009706217544998615,
          0.049310675436047204
        ],
        [
          0.010620596058643631,
          0.9997758537195007,
          -0.01831516472223191
        ],
        [
          -0.04912185165839284,
          0.0188157290693857,
          0.998615547660479
        ]
      ],
      "t_rgb1_to_rgb2": [
        0.044703298529315295,
        0.004307267527457338,
        -0.007142211857953498
      ],
      "essential_matrix": [
        [
          -0.00013572640942819314,
          0.007221655336557,
          0.0041704935341925105
        ],
        [
          -0.004937277623508221,
          -0.0007718012915896993,
          -0.04499359623390511
        ],
        [
          -0.003827048864466386,
          0.04473508572686991,
          -0.0010311425472541915
        ]
      ],
      "fundamental_matrix": [
        [
          -1.614552110852891e-07,
          8.587619083310712e-06,
          0.0009885614163512306
        ],
        [
          -5.862824873372045e-06,
          -9.161639166638419e-07,
          -0.040744206377687886
        ],
        [
          -0.0012617575209751537,
          0.03966634880313788,
          1.0
        ]
      ]
    },
    "stats": {
      "rgb1_area_ratio": {
        "min": 0.020086038377549912,
        "max": 0.19442779541015626,
        "mean": 0.07638486097729394,
        "std": 0.039898837318196254,
        "median": 0.07610560946994357,
        "rmse": 0.08617751566310329,
        "p90": 0.1223515124850803
      },
      "rgb2_area_ratio": {
        "min": 0.022449654473198785,
        "max": 0.1771143256293403,
        "mean": 0.07875557732960535,
        "std": 0.03950898669025861,
        "median": 0.07623597886827257,
        "rmse": 0.08811016394157078,
        "p90": 0.12803428056504992
      },
      "rgb1_distance_m": {
        "min": 0.3352606876264914,
        "max": 1.0739136931751954,
        "mean": 0.5901256652023789,
        "std": 0.14367758151959492,
        "median": 0.5748597145932486,
        "rmse": 0.6073644278041561,
        "p90": 0.7231613583987665
      },
      "rgb2_distance_m": {
        "min": 0.3602579295330676,
        "max": 0.9508203206354128,
        "mean": 0.5870248245240297,
        "std": 0.1214890657901443,
        "median": 0.5875234226524654,
        "rmse": 0.5994645424994123,
        "p90": 0.7000145332653812
      },
      "rgb1_reprojection_error_px": {
        "min": 0.211732879281044,
        "max": 1.9797216653823853,
        "mean": 0.7429727374442986,
        "std": 0.3690308671936113,
        "median": 0.6905513405799866,
        "rmse": 0.8295735467860239,
        "p90": 1.1420645713806152
      },
      "rgb2_reprojection_error_px": {
        "min": 0.1887694150209427,
        "max": 2.138850450515747,
        "mean": 0.7172830269805023,
        "std": 0.3892484201768321,
        "median": 0.6766495108604431,
        "rmse": 0.8160939121231524,
        "p90": 1.0980700492858888
      },
      "rgb1_sharpness": {
        "min": 39.76097113681252,
        "max": 274.97731773880855,
        "mean": 202.88129730484175,
        "std": 64.1508218066766,
        "median": 212.12835373768513,
        "rmse": 212.78192765027663,
        "p90": 260.7341048531732
      },
      "rgb2_sharpness": {
        "min": 51.294943503975574,
        "max": 353.9099682255486,
        "mean": 239.1217692840592,
        "std": 74.86665932165839,
        "median": 251.629330332165,
        "rmse": 250.56782958617035,
        "p90": 317.5541666844706
      },
      "rgb1_pitch_deg": {
        "min": -35.670057645744144,
        "max": 47.63478511154923,
        "mean": 1.7151880297486726,
        "std": 22.043488390502166,
        "median": 1.0188903473868696,
        "rmse": 22.11011647186864,
        "p90": 31.928734397431477
      },
      "rgb2_pitch_deg": {
        "min": -35.55478018985262,
        "max": 47.97566963622046,
        "mean": 0.7828676304873092,
        "std": 21.93952602171064,
        "median": -3.7223134500546493,
        "rmse": 21.953489102741347,
        "p90": 31.496047668329556
      },
      "rgb1_yaw_deg": {
        "min": -179.3019583065688,
        "max": 179.75991227555758,
        "mean": -21.324415500431297,
        "std": 153.13524636968674,
        "median": -71.10159591549669,
        "rmse": 154.61285320806834,
        "p90": 176.6204313768535
      },
      "rgb2_yaw_deg": {
        "min": -179.44445976770442,
        "max": 179.7921914667121,
        "mean": -14.564801661362461,
        "std": 150.7424374321275,
        "median": 6.784899381275682,
        "rmse": 151.44443169167266,
        "p90": 177.84533232091331
      },
      "rgb1_roll_deg": {
        "min": -62.31113298829797,
        "max": 62.3633196534506,
        "mean": -11.687551488378135,
        "std": 27.59270986401353,
        "median": -11.508882005991705,
        "rmse": 29.965922269022848,
        "p90": 22.967423007188852
      },
      "rgb2_roll_deg": {
        "min": -52.29310000224545,
        "max": 64.38291461537776,
        "mean": -9.207564288864242,
        "std": 29.294022489830592,
        "median": -10.921419882131609,
        "rmse": 30.706986074316518,
        "p90": 24.379556016510115
      }
    },
    "weak_points": [
      "RGB1 reprojection 90th percentile is high: 1.142 px.",
      "RGB1 has 3 potentially blurry valid images.",
      "RGB2 reprojection 90th percentile is high: 1.098 px.",
      "RGB2 has 3 potentially blurry valid images.",
      "Stereo fixed-intrinsics RMS is high: 27.364 px."
    ]
  },
  "invalid_pair_details": []
}