{
  "settings": {
    "pair_dir": "C:\\Ashmitha\\Stanford\\Quarter 3\\CS 348K\\CS348K_Excavator_Progress_Tracking\\00_data_capture\\int_ext_calib_rgb",
    "checkerboard_inner_corners": [
      9,
      6
    ],
    "square_size_m": 0.025,
    "grid_size": [
      5,
      5
    ],
    "rgb1_calibration": "C:\\Ashmitha\\Stanford\\Quarter 3\\CS 348K\\CS348K_Excavator_Progress_Tracking\\01_rgb_calibration\\config\\camera_calibration_L_fisheye_no_outliers.npz",
    "rgb2_calibration": "C:\\Ashmitha\\Stanford\\Quarter 3\\CS 348K\\CS348K_Excavator_Progress_Tracking\\01_rgb_calibration\\config\\camera_calibration_R_fisheye_no_outliers.npz"
  },
  "summary": {
    "total_pairs": 37,
    "valid_pairs": 37,
    "invalid_pairs": 0,
    "rgb1_grid_coverage_percent": 84.0,
    "rgb2_grid_coverage_percent": 72.0,
    "stereo": {
      "model": "fisheye",
      "stereo_rms_error_px": 0.7124233867743274,
      "baseline_m": 0.07323007137379726,
      "R_rgb1_to_rgb2": [
        [
          0.9995077211880335,
          0.001772797777480905,
          -0.03132367273396209
        ],
        [
          -0.0013144806528771313,
          0.9998918747517425,
          0.01464619220340424
        ],
        [
          0.031346250591058146,
          -0.014597807831520669,
          0.9994019794759247
        ]
      ],
      "t_rgb1_to_rgb2": [
        -0.07298436380920059,
        -0.004155127799364918,
        -0.0043198270507785255
      ],
      "essential_matrix": null,
      "fundamental_matrix": null
    },
    "stats": {
      "rgb1_area_ratio": {
        "min": 0.0369754155476888,
        "max": 0.25540134006076387,
        "mean": 0.11785112111776082,
        "std": 0.060795493357869546,
        "median": 0.09765406290690104,
        "rmse": 0.13260836610613935,
        "p90": 0.193923095703125
      },
      "rgb2_area_ratio": {
        "min": 0.034272956848144534,
        "max": 0.2671616956922743,
        "mean": 0.11526631993932408,
        "std": 0.061470567808593286,
        "median": 0.10309417724609375,
        "rmse": 0.1306329025133618,
        "p90": 0.2018548855251736
      },
      "rgb1_distance_m": {
        "min": 0.3303707756804153,
        "max": 0.7308483652310772,
        "mean": 0.5121002751190991,
        "std": 0.10277632729903767,
        "median": 0.5107836305957645,
        "rmse": 0.5223118467258194,
        "p90": 0.6604272014621991
      },
      "rgb2_distance_m": {
        "min": 0.34207679864816204,
        "max": 0.7562317989833092,
        "mean": 0.5240272126340333,
        "std": 0.10057830540450488,
        "median": 0.5291189451972155,
        "rmse": 0.5335920868032398,
        "p90": 0.6494353642929508
      },
      "rgb1_reprojection_error_px": {
        "min": 0.15361222619614695,
        "max": 0.5055539223781609,
        "mean": 0.26780703859101057,
        "std": 0.08214966105688484,
        "median": 0.255308129624297,
        "rmse": 0.2801235026388327,
        "p90": 0.36693978651502446
      },
      "rgb2_reprojection_error_px": {
        "min": 0.1630312496893708,
        "max": 1.1122749328465926,
        "mean": 0.3234410070535571,
        "std": 0.17874878514408887,
        "median": 0.283901747130433,
        "rmse": 0.36954730851990625,
        "p90": 0.4460955942417605
      },
      "rgb1_sharpness": {
        "min": 279.24667361365425,
        "max": 403.27063444907105,
        "mean": 363.68795497646005,
        "std": 33.404122876784065,
        "median": 374.1138304734866,
        "rmse": 365.2187892484818,
        "p90": 397.02670390386606
      },
      "rgb2_sharpness": {
        "min": 307.45554077419234,
        "max": 402.919115955766,
        "mean": 375.39381828550995,
        "std": 23.848115344858957,
        "median": 383.5520450858116,
        "rmse": 376.1505701344558,
        "p90": 399.7557482638369
      },
      "rgb1_pitch_deg": {
        "min": 1.1335135794200375,
        "max": 16.334501132541305,
        "mean": 9.669867074114853,
        "std": 3.9565096644250324,
        "median": 9.890846810767195,
        "rmse": 10.447980568307889,
        "p90": 15.116566675510157
      },
      "rgb2_pitch_deg": {
        "min": 0.32632865573012737,
        "max": 15.457546222778587,
        "mean": 8.122815372982403,
        "std": 3.8677266064771834,
        "median": 8.24233204398665,
        "rmse": 8.996634853433298,
        "p90": 13.289740071045035
      },
      "rgb1_yaw_deg": {
        "min": -35.67666656469677,
        "max": 37.35870541594492,
        "mean": 0.24726859214800684,
        "std": 19.028862190368915,
        "median": 1.3918474071011384,
        "rmse": 19.030468675697787,
        "p90": 26.367131931787227
      },
      "rgb2_yaw_deg": {
        "min": -35.641465645797396,
        "max": 37.08672644093619,
        "mean": 0.03222228958887782,
        "std": 19.001391337456106,
        "median": 1.205977979769486,
        "rmse": 19.00141865848701,
        "p90": 26.021013739131245
      },
      "rgb1_roll_deg": {
        "min": -13.28496489859209,
        "max": 15.94717768599706,
        "mean": 5.623744880407867,
        "std": 6.912802857187422,
        "median": 8.079925768061303,
        "rmse": 8.911416824627398,
        "p90": 13.353151623643615
      },
      "rgb2_roll_deg": {
        "min": -13.987465918454085,
        "max": 14.267024232148806,
        "mean": 4.7409656366186095,
        "std": 6.511096013321239,
        "median": 6.806777979204377,
        "rmse": 8.054261385272161,
        "p90": 12.262215059859209
      }
    },
    "weak_points": []
  },
  "invalid_pair_details": []
}