{
  "scene": "excavator_M",
  "assumptions": {
    "z_inside": "median depth inside ROI polygon",
    "z_outside": "median outside-ring depth; prefer values closer than z_inside by margin",
    "depth_m": "abs(z_outside - z_inside)",
    "width_height": "ROI bbox pixels projected with fx/fy at z_inside"
  },
  "params": {
    "ring_pad_px": 24,
    "ring_inner_gap_px": 4,
    "outside_closer_margin_cm": 0.5
  },
  "rows": [
    {
      "scene": "excavator_M",
      "pair_id": "004",
      "ruler_distance_cm": null,
      "bbox_w_px": 273,
      "bbox_h_px": 173,
      "dav2": {
        "z_inside_m": 0.8089099824428558,
        "z_outside_m": 0.7666475176811218,
        "depth_m": 0.04226246476173401,
        "width_m": 0.3816909785770942,
        "height_m": 0.24187743331075934,
        "volume_m3": 0.0039017736227754144,
        "volume_cm3": 3901.7736227754144,
        "outside_mode": "closer_only",
        "outside_candidates_n": 4840,
        "outside_total_n": 20080
      },
      "foundation": {
        "z_inside_m": 0.7101121544837952,
        "z_outside_m": 0.6953527927398682,
        "depth_m": 0.014759361743927002,
        "width_m": 0.335072392512545,
        "height_m": 0.21233525239805967,
        "volume_m3": 0.0010500943616485081,
        "volume_cm3": 1050.094361648508,
        "outside_mode": "closer_only",
        "outside_candidates_n": 604,
        "outside_total_n": 20080
      }
    },
    {
      "scene": "excavator_M",
      "pair_id": "005",
      "ruler_distance_cm": null,
      "bbox_w_px": 303,
      "bbox_h_px": 199,
      "opencv": {
        "z_inside_m": 0.73404660820961,
        "z_outside_m": 0.552704393863678,
        "depth_m": 0.181342214345932,
        "width_m": 0.3844282708379667,
        "height_m": 0.2524792933886316,
        "volume_m3": 0.017601107635932624,
        "volume_cm3": 17601.107635932625,
        "outside_mode": "closer_only",
        "outside_candidates_n": 352,
        "outside_total_n": 434
      },
      "dav2": {
        "z_inside_m": 0.84416863322258,
        "z_outside_m": 0.8052104115486145,
        "depth_m": 0.038958221673965454,
        "width_m": 0.44210038482016595,
        "height_m": 0.2903563583472377,
        "volume_m3": 0.0050009367085716615,
        "volume_cm3": 5000.936708571661,
        "outside_mode": "closer_only",
        "outside_candidates_n": 16457,
        "outside_total_n": 22320
      },
      "foundation": {
        "z_inside_m": 0.9273092150688171,
        "z_outside_m": 0.8154833316802979,
        "depth_m": 0.11182588338851929,
        "width_m": 0.4856420206756437,
        "height_m": 0.31895301027872314,
        "volume_m3": 0.01732149211612745,
        "volume_cm3": 17321.49211612745,
        "outside_mode": "closer_only",
        "outside_candidates_n": 17268,
        "outside_total_n": 22320
      }
    },
    {
      "scene": "excavator_M",
      "pair_id": "006",
      "ruler_distance_cm": null,
      "bbox_w_px": 340,
      "bbox_h_px": 170,
      "opencv": {
        "z_inside_m": 0.7392495274543762,
        "z_outside_m": 0.49193891882896423,
        "depth_m": 0.247310608625412,
        "width_m": 0.43442921752093233,
        "height_m": 0.21721460876046617,
        "volume_m3": 0.023337310399963077,
        "volume_cm3": 23337.310399963077,
        "outside_mode": "closer_only",
        "outside_candidates_n": 30,
        "outside_total_n": 427
      },
      "dav2": {
        "z_inside_m": 1.0074034929275513,
        "z_outside_m": 0.9323906302452087,
        "depth_m": 0.07501286268234253,
        "width_m": 0.5920132443877417,
        "height_m": 0.29600662219387086,
        "volume_m3": 0.01314524211179927,
        "volume_cm3": 13145.242111799269,
        "outside_mode": "closer_only",
        "outside_candidates_n": 15359,
        "outside_total_n": 22640
      },
      "foundation": {
        "z_inside_m": 0.971859872341156,
        "z_outside_m": 0.9493893980979919,
        "depth_m": 0.022470474243164062,
        "width_m": 0.5711255918350499,
        "height_m": 0.2855627959175249,
        "volume_m3": 0.003664759547296633,
        "volume_cm3": 3664.759547296633,
        "outside_mode": "closer_only",
        "outside_candidates_n": 15340,
        "outside_total_n": 22640
      }
    },
    {
      "scene": "excavator_M",
      "pair_id": "007",
      "ruler_distance_cm": null,
      "bbox_w_px": 500,
      "bbox_h_px": 413,
      "opencv": {
        "z_inside_m": 1.2887678146362305,
        "z_outside_m": 0.9925209879875183,
        "depth_m": 0.29624682664871216,
        "width_m": 1.1137654442419194,
        "height_m": 0.9199702569438254,
        "volume_m3": 0.3035437065027754,
        "volume_cm3": 303543.7065027754,
        "outside_mode": "closer_only",
        "outside_candidates_n": 530,
        "outside_total_n": 565
      },
      "dav2": {
        "z_inside_m": 0.9420957565307617,
        "z_outside_m": 0.9090436697006226,
        "depth_m": 0.03305208683013916,
        "width_m": 0.8141681433028962,
        "height_m": 0.6725028863681923,
        "volume_m3": 0.01809702319420143,
        "volume_cm3": 18097.02319420143,
        "outside_mode": "closer_only",
        "outside_candidates_n": 4331,
        "outside_total_n": 38760
      },
      "foundation": {
        "z_inside_m": 0.9463058114051819,
        "z_outside_m": 1.010956048965454,
        "depth_m": 0.06465023756027222,
        "width_m": 0.8178065129023224,
        "height_m": 0.6755081796573184,
        "volume_m3": 0.035715053265277,
        "volume_cm3": 35715.053265277,
        "outside_mode": "fallback_all_outside",
        "outside_candidates_n": 0,
        "outside_total_n": 38760
      }
    },
    {
      "scene": "excavator_M",
      "pair_id": "008",
      "ruler_distance_cm": null,
      "bbox_w_px": 495,
      "bbox_h_px": 422,
      "opencv": {
        "z_inside_m": 0.7054025530815125,
        "z_outside_m": 0.6443839073181152,
        "depth_m": 0.06101864576339722,
        "width_m": 0.6035194619154378,
        "height_m": 0.5145155816733632,
        "volume_m3": 0.01894752007247954,
        "volume_cm3": 18947.52007247954,
        "outside_mode": "closer_only",
        "outside_candidates_n": 11,
        "outside_total_n": 500
      },
      "dav2": {
        "z_inside_m": 1.0801954865455627,
        "z_outside_m": 0.9992781579494476,
        "depth_m": 0.08091732859611511,
        "width_m": 0.9241800954016826,
        "height_m": 0.7878868692111314,
        "volume_m3": 0.05891990118822483,
        "volume_cm3": 58919.90118822483,
        "outside_mode": "closer_only",
        "outside_candidates_n": 34380,
        "outside_total_n": 38920
      },
      "foundation": {
        "z_inside_m": 0.9615739583969116,
        "z_outside_m": 0.9548381567001343,
        "depth_m": 0.006735801696777344,
        "width_m": 0.8226913773255682,
        "height_m": 0.7013651742048279,
        "volume_m3": 0.0038866052764294705,
        "volume_cm3": 3886.6052764294705,
        "outside_mode": "closer_only",
        "outside_candidates_n": 3746,
        "outside_total_n": 38920
      }
    },
    {
      "scene": "excavator_M",
      "pair_id": "009",
      "ruler_distance_cm": null,
      "bbox_w_px": 515,
      "bbox_h_px": 429,
      "opencv": {
        "z_inside_m": 1.0969123840332031,
        "z_outside_m": 0.5375827550888062,
        "depth_m": 0.559329628944397,
        "width_m": 0.9764010147268491,
        "height_m": 0.8133515248889676,
        "volume_m3": 0.44419568233264833,
        "volume_cm3": 444195.6823326483,
        "outside_mode": "closer_only",
        "outside_candidates_n": 599,
        "outside_total_n": 670
      },
      "dav2": {
        "z_inside_m": 0.9893265962600708,
        "z_outside_m": 0.9530458152294159,
        "depth_m": 0.03628078103065491,
        "width_m": 0.8806350502971011,
        "height_m": 0.7335775467523425,
        "volume_m3": 0.023437896096872766,
        "volume_cm3": 23437.896096872766,