{
  "variant": "flipped",
  "scale": 0.003273908761412172,
  "shift_m": 0.48668652678309265,
  "reference_valid_pixels": 17197,
  "fit_pixels": 5016,
  "fit_correlation": 0.08704377155316799,
  "fit_mask_pixels": 5016,
  "K": [
    [
      578.5633866174695,
      0.0,
      570.2612476255729
    ],
    [
      0.0,
      578.5633866174695,
      390.3019701809129
    ],
    [
      0.0,
      0.0,
      1.0
    ]
  ],
  "encoder": "vits",
  "scale_reference": "opencv-gt",
  "method_id": "dav2_gt",
  "gt_txt": "/Users/yashasvinigopalan/Documents/College/Spring 2026/Visual Computing Systems/Final Project/CS348K_Excavator_Progress_Tracking/data/L_carboard_box/pair_001.txt",
  "target_gt_cm": 50.0,
  "wall_gt_cm": 100.0,
  "tolerance_cm": 5.0,
  "anchor_pixels": 5016,
  "anchor_pixels_pct": 0.5442708333333334
}
