{
  "variant": "flipped",
  "scale": -0.0059697810843742545,
  "shift_m": 0.5810445913066481,
  "reference_valid_pixels": 18479,
  "fit_pixels": 7294,
  "fit_correlation": -0.08780197123942773,
  "fit_mask_pixels": 7294,
  "K": [
    [
      578.5633866174695,
      0.0,
      570.2612476255729
    ],
    [
      0.0,
      578.5633866174695,
      390.3019701809129
    ],
    [
      0.0,
      0.0,
      1.0
    ]
  ],
  "encoder": "vits",
  "scale_reference": "opencv-gt",
  "method_id": "dav2_gt",
  "gt_txt": "/Users/yashasvinigopalan/Documents/College/Spring 2026/Visual Computing Systems/Final Project/CS348K_Excavator_Progress_Tracking/data/M_cardboardbox_30/pair_002.txt",
  "target_gt_cm": 50.0,
  "wall_gt_cm": 100.0,
  "tolerance_cm": 5.0,
  "anchor_pixels": 7294,
  "anchor_pixels_pct": 0.7914496527777778
}
