{
  "scene": "L_cardboard_box_30",
  "assumptions": {
    "z_inside": "median depth inside ROI polygon",
    "z_outside": "median outside-ring depth; prefer values closer than z_inside by margin",
    "depth_m": "abs(z_outside - z_inside)",
    "width_height": "ROI bbox pixels projected with fx/fy at z_inside"
  },
  "params": {
    "ring_pad_px": 24,
    "ring_inner_gap_px": 4,
    "outside_closer_margin_cm": 0.5
  },
  "rows": [
    {
      "scene": "L_cardboard_box_30",
      "pair_id": "000",
      "ruler_distance_cm": 25.0,
      "bbox_w_px": 606,
      "bbox_h_px": 376,
      "dav2": {
        "z_inside_m": 0.7480630874633789,
        "z_outside_m": 0.7270790934562683,
        "depth_m": 0.020983994007110596,
        "width_m": 0.7835377099355488,
        "height_m": 0.486155410785093,
        "volume_m3": 0.007993246021652045,
        "volume_cm3": 7993.246021652046,
        "outside_mode": "closer_only",
        "outside_candidates_n": 6846,
        "outside_total_n": 33888
      },
      "dav2_gt": {
        "z_inside_m": 0.9916889667510986,
        "z_outside_m": 0.9825327396392822,
        "depth_m": 0.009156227111816406,
        "width_m": 1.0387168074437911,
        "height_m": 0.6444843557737054,
        "volume_m3": 0.006129514759549238,
        "volume_cm3": 6129.514759549238,
        "outside_mode": "closer_only",
        "outside_candidates_n": 6233,
        "outside_total_n": 33888
      },
      "foundation": {
        "z_inside_m": 0.8775733113288879,
        "z_outside_m": 0.824360728263855,
        "depth_m": 0.05321258306503296,
        "width_m": 0.9191895632637468,
        "height_m": 0.5703222372725558,
        "volume_m3": 0.027895858477779884,
        "volume_cm3": 27895.858477779882,
        "outside_mode": "closer_only",
        "outside_candidates_n": 7054,
        "outside_total_n": 33888
      }
    },
    {
      "scene": "L_cardboard_box_30",
      "pair_id": "001",
      "ruler_distance_cm": 50.0,
      "bbox_w_px": 477,
      "bbox_h_px": 338,
      "dav2": {
        "z_inside_m": 0.9246534109115601,
        "z_outside_m": 0.8360432982444763,
        "depth_m": 0.08861011266708374,
        "width_m": 0.7623359638836443,
        "height_m": 0.5401877479930225,
        "volume_m3": 0.036490047354726364,
        "volume_cm3": 36490.04735472636,
        "outside_mode": "closer_only",
        "outside_candidates_n": 20485,
        "outside_total_n": 27120
      },
      "dav2_gt": {
        "z_inside_m": 0.622833251953125,
        "z_outside_m": 0.5647912919521332,
        "depth_m": 0.05804196000099182,
        "width_m": 0.5134985518502392,
        "height_m": 0.363862705503943,
        "volume_m3": 0.01084473232752298,
        "volume_cm3": 10844.732327522981,
        "outside_mode": "closer_only",
        "outside_candidates_n": 18510,
        "outside_total_n": 27120
      },
      "foundation": {
        "z_inside_m": 0.9236323237419128,
        "z_outside_m": 0.6747840642929077,
        "depth_m": 0.24884825944900513,
        "width_m": 0.7614941225380153,
        "height_m": 0.5395912230982162,
        "volume_m3": 0.10225064117924132,
        "volume_cm3": 102250.64117924131,
        "outside_mode": "closer_only",
        "outside_candidates_n": 16290,
        "outside_total_n": 27083
      }
    },
    {
      "scene": "L_cardboard_box_30",
      "pair_id": "002",
      "ruler_distance_cm": 75.0,
      "bbox_w_px": 382,
      "bbox_h_px": 238,
      "opencv": {
        "z_inside_m": 0.6974195837974548,
        "z_outside_m": 1.2936867475509644,
        "depth_m": 0.5962671637535095,
        "width_m": 0.4604755281321901,
        "height_m": 0.28689313009283046,
        "volume_m3": 0.07877122456875074,
        "volume_cm3": 78771.22456875074,
        "outside_mode": "fallback_all_outside",
        "outside_candidates_n": 0,
        "outside_total_n": 172
      },
      "dav2": {
        "z_inside_m": 0.9747810959815979,
        "z_outside_m": 0.9663575887680054,
        "depth_m": 0.00842350721359253,
        "width_m": 0.6436051559397571,
        "height_m": 0.40098959977398474,
        "volume_m3": 0.00217393009826219,
        "volume_cm3": 2173.9300982621903,
        "outside_mode": "closer_only",
        "outside_candidates_n": 16772,
        "outside_total_n": 25896
      },
      "dav2_gt": {
        "z_inside_m": 0.8955152034759521,
        "z_outside_m": 0.8146605789661407,
        "depth_m": 0.0808546245098114,
        "width_m": 0.5912693676103502,
        "height_m": 0.36838248557922343,
        "volume_m3": 0.01761121091001371,
        "volume_cm3": 17611.21091001371,
        "outside_mode": "closer_only",
        "outside_candidates_n": 9532,
        "outside_total_n": 25896
      },
      "foundation": {
        "z_inside_m": 0.9537886381149292,
        "z_outside_m": 0.6713060736656189,
        "depth_m": 0.2824825644493103,
        "width_m": 0.6297447577698164,
        "height_m": 0.3923540637414039,
        "volume_m3": 0.06979661541302438,
        "volume_cm3": 69796.61541302438,
        "outside_mode": "closer_only",
        "outside_candidates_n": 5628,
        "outside_total_n": 25896
      }
    },
    {
      "scene": "L_cardboard_box_30",
      "pair_id": "003",
      "ruler_distance_cm": 100.0,
      "bbox_w_px": 290,
      "bbox_h_px": 177,
      "opencv": {
        "z_inside_m": 1.8935526609420776,
        "z_outside_m": 0.8312594592571259,
        "depth_m": 1.0622932016849518,
        "width_m": 0.9491272423643231,
        "height_m": 0.5792949030982247,
        "volume_m3": 0.5840749069662055,
        "volume_cm3": 584074.9069662055,
        "outside_mode": "closer_only",
        "outside_candidates_n": 26,
        "outside_total_n": 26
      },
      "dav2": {
        "z_inside_m": 1.3911247849464417,
        "z_outside_m": 1.378415584564209,
        "depth_m": 0.012709200382232666,
        "width_m": 0.6972895225760329,
        "height_m": 0.42558705343433734,
        "volume_m3": 0.0037715491764066396,
        "volume_cm3": 3771.5491764066396,
        "outside_mode": "closer_only",
        "outside_candidates_n": 15569,
        "outside_total_n": 20920
      },
      "dav2_gt": {
        "z_inside_m": 0.9706790149211884,
        "z_outside_m": 0.9712868928909302,
        "depth_m": 0.0006078779697418213,
        "width_m": 0.4865446394264537,
        "height_m": 0.2969600040637321,
        "volume_m3": 8.782882178937011e-05,
        "volume_cm3": 87.82882178937011,
        "outside_mode": "fallback_all_outside",
        "outside_candidates_n": 0,
        "outside_total_n": 20920
      },
      "foundation": {
        "z_inside_m": 1.3649587631225586,
        "z_outside_m": 1.340718150138855,
        "depth_m": 0.024240612983703613,
        "width_m": 0.6841740256323192,
        "height_m": 0.41758207771351896,
        "volume_m3": 0.0069255143107772405,
        "volume_cm3": 6925.51431077724,
        "outside_mode": "closer_only",
        "outside_candidates_n": 20265,
        "outside_total_n": 20920
      }
    }
  ]
}
