{
  "variant": "direct",
  "scale": 0.008970935442075766,
  "shift_m": 0.7318503905072085,
  "reference_valid_pixels": 15471,
  "fit_pixels": 2267,
  "fit_correlation": 0.19729845612504318,
  "fit_mask_pixels": 2267,
  "K": [
    [
      578.5633866174695,
      0.0,
      570.2612476255729
    ],
    [
      0.0,
      578.5633866174695,
      390.3019701809129
    ],
    [
      0.0,
      0.0,
      1.0
    ]
  ],
  "encoder": "vits",
  "scale_reference": "opencv-gt",
  "method_id": "dav2_gt",
  "gt_txt": "/Users/yashasvinigopalan/Documents/College/Spring 2026/Visual Computing Systems/Final Project/CS348K_Excavator_Progress_Tracking/data/L_carboard_box/pair_002.txt",
  "target_gt_cm": 75.0,
  "wall_gt_cm": 100.0,
  "tolerance_cm": 5.0,
  "anchor_pixels": 2267,
  "anchor_pixels_pct": 0.24598524305555555
}
