{
  "variant": "direct",
  "scale": 0.019538153895330212,
  "shift_m": 0.729950257380247,
  "reference_valid_pixels": 16234,
  "fit_pixels": 1840,
  "fit_correlation": 0.41958505793332035,
  "fit_mask_pixels": 1840,
  "K": [
    [
      578.5633866174695,
      0.0,
      570.2612476255729
    ],
    [
      0.0,
      578.5633866174695,
      390.3019701809129
    ],
    [
      0.0,
      0.0,
      1.0
    ]
  ],
  "encoder": "vits",
  "scale_reference": "opencv-gt",
  "method_id": "dav2_gt",
  "gt_txt": "/Users/yashasvinigopalan/Documents/College/Spring 2026/Visual Computing Systems/Final Project/CS348K_Excavator_Progress_Tracking/data/S_cardboard_box/pair_004.txt",
  "target_gt_cm": 75.0,
  "wall_gt_cm": 100.0,
  "tolerance_cm": 5.0,
  "anchor_pixels": 1840,
  "anchor_pixels_pct": 0.1996527777777778
}
