{
  "variant": "inverse",
  "scale": 0.05263489548682034,
  "shift_m": 0.8034412548610641,
  "reference_valid_pixels": 25809,
  "fit_pixels": 5016,
  "fit_correlation": 0.7323376471496663,
  "fit_mask_pixels": 5016,
  "K": [
    [
      578.5633866174695,
      0.0,
      570.2612476255729
    ],
    [
      0.0,
      578.5633866174695,
      390.3019701809129
    ],
    [
      0.0,
      0.0,
      1.0
    ]
  ],
  "encoder": "vits",
  "scale_reference": "opencv-gt",
  "method_id": "dav2_gt",
  "gt_txt": "/Users/yashasvinigopalan/Documents/College/Spring 2026/Visual Computing Systems/Final Project/CS348K_Excavator_Progress_Tracking/data/checkerboard_data/pair_007.txt",
  "target_gt_cm": 75.0,
  "wall_gt_cm": 100.0,
  "tolerance_cm": 5.0,
  "anchor_pixels": 5016,
  "anchor_pixels_pct": 0.5442708333333334
}
