{
  "variant": "inverse",
  "scale": 0.12496567792429349,
  "shift_m": 0.5021757029020459,
  "reference_valid_pixels": 20943,
  "fit_pixels": 5753,
  "fit_correlation": 0.40797206305176736,
  "fit_mask_pixels": 5753,
  "K": [
    [
      578.5633866174695,
      0.0,
      570.2612476255729
    ],
    [
      0.0,
      578.5633866174695,
      390.3019701809129
    ],
    [
      0.0,
      0.0,
      1.0
    ]
  ],
  "encoder": "vits",
  "scale_reference": "opencv-gt",
  "method_id": "dav2_gt",
  "gt_txt": "/Users/yashasvinigopalan/Documents/College/Spring 2026/Visual Computing Systems/Final Project/CS348K_Excavator_Progress_Tracking/data/S_cardboard_box/pair_003.txt",
  "target_gt_cm": 50.0,
  "wall_gt_cm": 100.0,
  "tolerance_cm": 5.0,
  "anchor_pixels": 5753,
  "anchor_pixels_pct": 0.6242404513888888
}
