capture_id,folder,pair_id,constraint_type,angle_deg,distance_m,lidar_board_points,rgb1_projected_in_frame,rgb2_projected_in_frame,rgb1_line_mean_px,rgb1_line_max_px,board_strip_position_m,mean_abs_point_to_plane_m,median_abs_point_to_plane_m,p90_abs_point_to_plane_m,max_abs_point_to_plane_m
checkerboard_data_005,checkerboard_data,005,plane,0.0,0.5,28,28,28,2.4143025346465294,6.240307925469826,0.102035378585846,0.001308626753863566,0.0010265794367037007,0.0025620906804562533,0.004511840898606123
checkerboard_data_006,checkerboard_data,006,plane,0.0,0.75,20,20,20,1.0079388747113214,3.3486037221317644,0.10300462927513153,0.012001564741309317,0.012424547085322535,0.014174752167073767,0.014261998023589517
checkerboard_data_008,checkerboard_data,008,plane,0.0,1.0,14,14,14,3.492635602336916,6.65672364407141,0.10626395511238744,0.011489245619455413,0.005775522774216335,0.03289769492225649,0.03481592340614603
checkerboard_data_30_004,checkerboard_data_30,004,plane,30.0,0.5,30,30,22,2.860387301690179,6.490443396616648,0.10110925403853795,0.012742822501119704,0.00939415734951865,0.02363565088157852,0.029961448847970695
checkerboard_data_30_005,checkerboard_data_30,005,plane,30.0,0.75,16,16,16,2.502849260406932,5.086652237888963,0.09884822187192593,0.009827995846389284,0.009619198713327837,0.015586117988813875,0.0206213809542658
checkerboard_data_30_006,checkerboard_data_30,006,plane,30.0,1.0,12,12,12,2.776592235015562,4.16647614550099,0.09679772155481292,0.009247341340304685,0.00872158124244271,0.018455156972026987,0.01986008136480355
