{
  "variant": "inverse",
  "scale": -0.0016654359551638567,
  "shift_m": 1.0067095346343944,
  "reference_valid_pixels": 11158,
  "fit_pixels": 1241,
  "fit_correlation": -0.4776325243311641,
  "fit_mask_pixels": 1241,
  "K": [
    [
      578.5633866174695,
      0.0,
      570.2612476255729
    ],
    [
      0.0,
      578.5633866174695,
      390.3019701809129
    ],
    [
      0.0,
      0.0,
      1.0
    ]
  ],
  "encoder": "vits",
  "scale_reference": "opencv-gt",
  "method_id": "dav2_gt",
  "gt_txt": "/Users/yashasvinigopalan/Documents/College/Spring 2026/Visual Computing Systems/Final Project/CS348K_Excavator_Progress_Tracking/data/checkerboard_data_60/pair_000.txt",
  "target_gt_cm": 10.0,
  "wall_gt_cm": 100.0,
  "tolerance_cm": 5.0,
  "anchor_pixels": 1241,
  "anchor_pixels_pct": 0.13465711805555555
}
