{
  "variant": "direct",
  "scale": 0.0062255848667248665,
  "shift_m": 0.9685063687560915,
  "reference_valid_pixels": 18885,
  "fit_pixels": 845,
  "fit_correlation": 0.5158608908353224,
  "fit_mask_pixels": 845,
  "K": [
    [
      578.5633866174695,
      0.0,
      570.2612476255729
    ],
    [
      0.0,
      578.5633866174695,
      390.3019701809129
    ],
    [
      0.0,
      0.0,
      1.0
    ]
  ],
  "encoder": "vits",
  "scale_reference": "opencv-gt",
  "method_id": "dav2_gt",
  "gt_txt": "/Users/yashasvinigopalan/Documents/College/Spring 2026/Visual Computing Systems/Final Project/CS348K_Excavator_Progress_Tracking/data/L_cardboard_box_30/pair_003.txt",
  "target_gt_cm": 100.0,
  "wall_gt_cm": 100.0,
  "tolerance_cm": 5.0,
  "anchor_pixels": 845,
  "anchor_pixels_pct": 0.09168836805555555
}
