{
  "scene": "S_cardboard_box_30",
  "assumptions": {
    "z_inside": "median depth inside ROI polygon",
    "z_outside": "median outside-ring depth; prefer values closer than z_inside by margin",
    "depth_m": "abs(z_outside - z_inside)",
    "width_height": "ROI bbox pixels projected with fx/fy at z_inside"
  },
  "params": {
    "ring_pad_px": 24,
    "ring_inner_gap_px": 4,
    "outside_closer_margin_cm": 0.5
  },
  "rows": [
    {
      "scene": "S_cardboard_box_30",
      "pair_id": "000",
      "ruler_distance_cm": 20.0,
      "bbox_w_px": 208,
      "bbox_h_px": 256,
      "opencv": {
        "z_inside_m": 0.9038558006286621,
        "z_outside_m": 0.5907555520534515,
        "depth_m": 0.31310024857521057,
        "width_m": 0.32494625632966917,
        "height_m": 0.39993385394420816,
        "volume_m3": 0.04068957170259546,
        "volume_cm3": 40689.57170259546,
        "outside_mode": "closer_only",
        "outside_candidates_n": 174,
        "outside_total_n": 174
      },
      "dav2": {
        "z_inside_m": 0.8063279390335083,
        "z_outside_m": 0.778357982635498,
        "depth_m": 0.027969956398010254,
        "width_m": 0.2898839007070787,
        "height_m": 0.35678018548563534,
        "volume_m3": 0.0028927880376956234,
        "volume_cm3": 2892.788037695623,
        "outside_mode": "closer_only",
        "outside_candidates_n": 10377,
        "outside_total_n": 20800
      },
      "dav2_gt": {
        "z_inside_m": 1.000770092010498,
        "z_outside_m": 1.000770092010498,
        "depth_m": 0.0,
        "width_m": 0.35978802660703707,
        "height_m": 0.44281603274712256,
        "volume_m3": 0.0,
        "volume_cm3": 0.0,
        "outside_mode": "fallback_all_outside",
        "outside_candidates_n": 0,
        "outside_total_n": 20800
      },
      "foundation": {
        "z_inside_m": 0.8335412740707397,
        "z_outside_m": 0.8068206906318665,
        "depth_m": 0.02672058343887329,
        "width_m": 0.2996673986239399,
        "height_m": 0.3688214136910029,
        "volume_m3": 0.00295325917998179,
        "volume_cm3": 2953.25917998179,
        "outside_mode": "closer_only",
        "outside_candidates_n": 5401,
        "outside_total_n": 20800
      }
    },
    {
      "scene": "S_cardboard_box_30",
      "pair_id": "001",
      "ruler_distance_cm": 25.0,
      "bbox_w_px": 221,
      "bbox_h_px": 209,
      "opencv": {
        "z_inside_m": 0.8602688312530518,
        "z_outside_m": 1.1647626161575317,
        "depth_m": 0.30449378490448,
        "width_m": 0.32860601984934495,
        "height_m": 0.3107631590430457,
        "volume_m3": 0.03109449266719165,
        "volume_cm3": 31094.49266719165,
        "outside_mode": "fallback_all_outside",
        "outside_candidates_n": 0,
        "outside_total_n": 67
      },
      "dav2": {
        "z_inside_m": 0.8573359251022339,
        "z_outside_m": 0.8574827909469604,
        "depth_m": 0.0001468658447265625,
        "width_m": 0.3274857065451792,
        "height_m": 0.30970367723050884,
        "volume_m3": 1.489565204987611e-05,
        "volume_cm3": 14.895652049876109,
        "outside_mode": "fallback_all_outside",
        "outside_candidates_n": 0,
        "outside_total_n": 19440
      },
      "dav2_gt": {
        "z_inside_m": 0.9957218170166016,
        "z_outside_m": 0.9956748485565186,
        "depth_m": 4.696846008300781e-05,
        "width_m": 0.38034643506773275,
        "height_m": 0.3596941399509328,
        "volume_m3": 6.425679115648989e-06,
        "volume_cm3": 6.425679115648989,
        "outside_mode": "fallback_all_outside",
        "outside_candidates_n": 0,
        "outside_total_n": 19440
      },
      "foundation": {
        "z_inside_m": 0.8577523827552795,
        "z_outside_m": 0.768348753452301,
        "depth_m": 0.08940362930297852,
        "width_m": 0.32764478529688035,
        "height_m": 0.30985411822193665,
        "volume_m3": 0.00907644294622259,
        "volume_cm3": 9076.44294622259,
        "outside_mode": "closer_only",
        "outside_candidates_n": 485,
        "outside_total_n": 19440
      }
    },
    {
      "scene": "S_cardboard_box_30",
      "pair_id": "002",
      "ruler_distance_cm": 50.0,
      "bbox_w_px": 104,
      "bbox_h_px": 93,
      "dav2": {
        "z_inside_m": 0.7858301997184753,
        "z_outside_m": 0.7710139751434326,
        "depth_m": 0.014816224575042725,
        "width_m": 0.14125736723253227,
        "height_m": 0.12631668415986058,
        "volume_m3": 0.0002643682989058795,
        "volume_cm3": 264.3682989058795,
        "outside_mode": "closer_only",
        "outside_candidates_n": 2341,
        "outside_total_n": 10120
      },
      "dav2_gt": {
        "z_inside_m": 0.5574976205825806,
        "z_outside_m": 0.5574902296066284,
        "depth_m": 7.3909759521484375e-06,
        "width_m": 0.10021331090369019,
        "height_m": 0.08961382609656912,
        "volume_m3": 6.637464635191582e-08,
        "volume_cm3": 0.06637464635191583,
        "outside_mode": "fallback_all_outside",
        "outside_candidates_n": 0,
        "outside_total_n": 10120
      },
      "foundation": {
        "z_inside_m": 0.779314398765564,
        "z_outside_m": 0.7664147019386292,
        "depth_m": 0.012899696826934814,
        "width_m": 0.14008611562073467,
        "height_m": 0.12526931493008006,
        "volume_m3": 0.0002263702231517992,
        "volume_cm3": 226.3702231517992,
        "outside_mode": "closer_only",
        "outside_candidates_n": 2343,
        "outside_total_n": 10120
      }
    },
    {
      "scene": "S_cardboard_box_30",
      "pair_id": "003",
      "ruler_distance_cm": 75.0,
      "bbox_w_px": 60,
      "bbox_h_px": 55,
      "dav2": {
        "z_inside_m": 1.051509976387024,
        "z_outside_m": 1.0390974283218384,
        "depth_m": 0.012412548065185547,
        "width_m": 0.10904699475035262,
        "height_m": 0.09995974518782325,
        "volume_m3": 0.0001353006194264378,
        "volume_cm3": 135.3006194264378,
        "outside_mode": "closer_only",
        "outside_candidates_n": 1419,
        "outside_total_n": 6840
      },
      "dav2_gt": {
        "z_inside_m": 0.8848035335540771,
        "z_outside_m": 0.8773223161697388,
        "depth_m": 0.007481217384338379,
        "width_m": 0.09175867889536038,
        "height_m": 0.08411212232074701,
        "volume_m3": 5.774016462310142e-05,
        "volume_cm3": 57.74016462310142,
        "outside_mode": "closer_only",
        "outside_candidates_n": 972,
        "outside_total_n": 6840
      },
      "foundation": {
        "z_inside_m": 1.0467218160629272,
        "z_outside_m": 1.0355814695358276,
        "depth_m": 0.01114034652709961,
        "width_m": 0.10855043788883842,
        "height_m": 0.09950456806476855,
        "volume_m3": 0.00012032982874086264,
        "volume_cm3": 120.32982874086264,
        "outside_mode": "closer_only",
        "outside_candidates_n": 1105,
        "outside_total_n": 6840
      }
    },
    {
      "scene": "S_cardboard_box_30",
      "pair_id": "004",
      "ruler_distance_cm": 100.0,
      "bbox_w_px": 42,
      "bbox_h_px": 39,
      "opencv": {
        "z_inside_m": 0.45042645931243896,
        "z_outside_m": 0.45162680745124817,
        "depth_m": 0.001200348138809204,
        "width_m": 0.032698078946413606,
        "height_m": 0.030362501878812637,
        "volume_m3": 1.191700210770246e-06,
        "volume_cm3": 1.191700210770246,
        "outside_mode": "fallback_all_outside",
        "outside_candidates_n": 0,
        "outside_total_n": 283
      },
      "dav2": {
        "z_inside_m": 0.9003335237503052,
        "z_outside_m": 0.8184286952018738,
        "depth_m": 0.0819048285484314,
        "width_m": 0.06535845314821903,
        "height_m": 0.06068999220906053,
        "volume_m3": 0.0003248840215520019,
        "volume_cm3": 324.8840215520019,
        "outside_mode": "closer_only",
        "outside_candidates_n": 1103,