{
  "variant": "inverse",
  "scale": -4.8438352523280914e-08,
  "shift_m": 1.004437560776391,
  "reference_valid_pixels": 10655,
  "fit_pixels": 771,
  "fit_correlation": -0.6155927372819282,
  "fit_mask_pixels": 771,
  "K": [
    [
      578.5633866174695,
      0.0,
      570.2612476255729
    ],
    [
      0.0,
      578.5633866174695,
      390.3019701809129
    ],
    [
      0.0,
      0.0,
      1.0
    ]
  ],
  "encoder": "vits",
  "scale_reference": "opencv-gt",
  "method_id": "dav2_gt",
  "gt_txt": "/Users/yashasvinigopalan/Documents/College/Spring 2026/Visual Computing Systems/Final Project/CS348K_Excavator_Progress_Tracking/data/checkerboard_data_60/pair_001.txt",
  "target_gt_cm": 15.0,
  "wall_gt_cm": 100.0,
  "tolerance_cm": 5.0,
  "anchor_pixels": 771,
  "anchor_pixels_pct": 0.08365885416666667
}
