{
  "valid_lidar_points": 378,
  "stereo_point_count": 7158,
  "mean_error": 0.39211172635913766,
  "median_error": 0.4124843442265902,
  "rmse": 0.40874527060656557,
  "90th_percentile": 0.4323570804469574,
  "max_error": 0.8868321163230738
}