{
  "scene": "L_carboard_box",
  "assumptions": {
    "z_inside": "median depth inside ROI polygon",
    "z_outside": "median outside-ring depth; prefer values closer than z_inside by margin",
    "depth_m": "abs(z_outside - z_inside)",
    "width_height": "ROI bbox pixels projected with fx/fy at z_inside"
  },
  "params": {
    "ring_pad_px": 24,
    "ring_inner_gap_px": 4,
    "outside_closer_margin_cm": 0.5
  },
  "rows": [
    {
      "scene": "L_carboard_box",
      "pair_id": "000",
      "ruler_distance_cm": 25.0,
      "bbox_w_px": 1009,
      "bbox_h_px": 407,
      "opencv": {
        "z_inside_m": 0.7633917331695557,
        "z_outside_m": 0.637715756893158,
        "depth_m": 0.1256759762763977,
        "width_m": 1.331335989426096,
        "height_m": 0.5370205626327266,
        "volume_m3": 0.08985264274676269,
        "volume_cm3": 89852.64274676269,
        "outside_mode": "closer_only",
        "outside_candidates_n": 246,
        "outside_total_n": 1246
      },
      "dav2": {
        "z_inside_m": 0.8806079626083374,
        "z_outside_m": 0.8101892471313477,
        "depth_m": 0.07041871547698975,
        "width_m": 1.5357581465127983,
        "height_m": 0.6194782612791961,
        "volume_m3": 0.06699416787946613,
        "volume_cm3": 66994.16787946613,
        "outside_mode": "closer_only",
        "outside_candidates_n": 11563,
        "outside_total_n": 37620
      },
      "dav2_gt": {
        "z_inside_m": 0.9970546364784241,
        "z_outside_m": 0.9845685064792633,
        "depth_m": 0.012486129999160767,
        "width_m": 1.7388382180358892,
        "height_m": 0.7013946033108096,
        "volume_m3": 0.015228230761124659,
        "volume_cm3": 15228.230761124658,
        "outside_mode": "closer_only",
        "outside_candidates_n": 1040,
        "outside_total_n": 37620
      },
      "foundation": {
        "z_inside_m": 0.9893761873245239,
        "z_outside_m": 0.8205609321594238,
        "depth_m": 0.1688152551651001,
        "width_m": 1.725447195763324,
        "height_m": 0.6959930710363458,
        "volume_m3": 0.20273012052311248,
        "volume_cm3": 202730.12052311248,
        "outside_mode": "closer_only",
        "outside_candidates_n": 13028,
        "outside_total_n": 37619
      }
    },
    {
      "scene": "L_carboard_box",
      "pair_id": "001",
      "ruler_distance_cm": 50.0,
      "bbox_w_px": 510,
      "bbox_h_px": 345,
      "opencv": {
        "z_inside_m": 1.544172763824463,
        "z_outside_m": 0.6711800694465637,
        "depth_m": 0.8729926943778992,
        "width_m": 1.3611786154576844,
        "height_m": 0.9207972986919629,
        "volume_m3": 1.09418249730297,
        "volume_cm3": 1094182.49730297,
        "outside_mode": "closer_only",
        "outside_candidates_n": 104,
        "outside_total_n": 209
      },
      "dav2": {
        "z_inside_m": 1.078999102115631,
        "z_outside_m": 0.9763453900814056,
        "depth_m": 0.10265371203422546,
        "width_m": 0.9511309474597093,
        "height_m": 0.6434121115168622,
        "volume_m3": 0.0628209070776874,
        "volume_cm3": 62820.90707768739,
        "outside_mode": "closer_only",
        "outside_candidates_n": 31834,
        "outside_total_n": 36440
      },
      "dav2_gt": {
        "z_inside_m": 0.5105528831481934,
        "z_outside_m": 0.5052018761634827,
        "depth_m": 0.005351006984710693,
        "width_m": 0.45004916734860057,
        "height_m": 0.30444502497111214,
        "volume_m3": 0.0007331694526971839,
        "volume_cm3": 733.1694526971838,
        "outside_mode": "closer_only",
        "outside_candidates_n": 4999,
        "outside_total_n": 36440
      }
    },
    {
      "scene": "L_carboard_box",
      "pair_id": "002",
      "ruler_distance_cm": 75.0,
      "bbox_w_px": 330,
      "bbox_h_px": 203,
      "dav2": {
        "z_inside_m": 0.8207480311393738,
        "z_outside_m": 0.8154218196868896,
        "depth_m": 0.005326211452484131,
        "width_m": 0.46813686545130445,
        "height_m": 0.2879751020806509,
        "volume_m3": 0.0007180359486489945,
        "volume_cm3": 718.0359486489946,
        "outside_mode": "closer_only",
        "outside_candidates_n": 19,
        "outside_total_n": 23560
      },
      "dav2_gt": {
        "z_inside_m": 0.7371112108230591,
        "z_outside_m": 0.7383843660354614,
        "depth_m": 0.0012731552124023438,
        "width_m": 0.42043223819214415,
        "height_m": 0.2586295283424402,
        "volume_m3": 0.00013843804893864974,
        "volume_cm3": 138.43804893864973,
        "outside_mode": "fallback_all_outside",
        "outside_candidates_n": 0,
        "outside_total_n": 23560
      },
      "foundation": {
        "z_inside_m": 0.846486508846283,
        "z_outside_m": 0.8471584916114807,
        "depth_m": 0.0006719827651977539,
        "width_m": 0.48281753457027143,
        "height_m": 0.2970059379326215,
        "volume_m3": 9.636210993696579e-05,
        "volume_cm3": 96.3621099369658,
        "outside_mode": "fallback_all_outside",
        "outside_candidates_n": 0,
        "outside_total_n": 23560
      }
    },
    {
      "scene": "L_carboard_box",
      "pair_id": "004",
      "ruler_distance_cm": 100.0,
      "bbox_w_px": 246,
      "bbox_h_px": 147,
      "dav2": {
        "z_inside_m": 0.9909634590148926,
        "z_outside_m": 0.9693455100059509,
        "depth_m": 0.02161794900894165,
        "width_m": 0.4213488384442867,
        "height_m": 0.2517816229728055,
        "volume_m3": 0.002293402691198962,
        "volume_cm3": 2293.402691198962,
        "outside_mode": "closer_only",
        "outside_candidates_n": 15235,
        "outside_total_n": 17960
      },
      "dav2_gt": {
        "z_inside_m": 0.9791225492954254,
        "z_outside_m": 0.9797848165035248,
        "depth_m": 0.0006622672080993652,
        "width_m": 0.41631418907247153,
        "height_m": 0.24877311298233054,
        "volume_m3": 6.858954238660159e-05,
        "volume_cm3": 68.5895423866016,
        "outside_mode": "fallback_all_outside",
        "outside_candidates_n": 0,
        "outside_total_n": 17960
      },
      "foundation": {
        "z_inside_m": 1.0111809968948364,
        "z_outside_m": 0.9940909147262573,
        "depth_m": 0.0170900821685791,
        "width_m": 0.42994515551775986,
        "height_m": 0.2569184465898809,
        "volume_m3": 0.001887784857209042,
        "volume_cm3": 1887.784857209042,
        "outside_mode": "closer_only",
        "outside_candidates_n": 17630,
        "outside_total_n": 17960
      }
    },
    {
      "scene": "L_carboard_box",
      "pair_id": "003",
      "ruler_distance_cm": null,
      "bbox_w_px": 333,
      "bbox_h_px": 210,
      "opencv": {
        "z_inside_m": 0.47975361347198486,
        "z_outside_m": 1.3318110704421997,
        "depth_m": 0.8520574569702148,
        "width_m": 0.2761286956303694,
        "height_m": 0.1741352134605933,
        "volume_m3": 0.04097010015687895,
        "volume_cm3": 40970.10015687895,
        "outside_mode": "fallback_all_outside",
        "outside_candidates_n": 0,
        "outside_total_n": 152
      },
      "dav2": {
        "z_inside_m": 0.774371862411499,
        "z_outside_m": 0.7673155665397644,
        "depth_m": 0.007056295871734619,
        "width_m": 0.4457002225644173,
        "height_m": 0.2810722124280109,
        "volume_m3": 0.0008839700395386599,
        "volume_cm3": 883.9700395386599,
        "outside_mode": "closer_only",
        "outside_candidates_n": 171,
        "outside_total_n": 23960
      },
      "foundation": {
        "z_inside_m": 0.7576919794082642,
        "z_outside_m": 0.7936088442802429,
        "depth_m": 0.03591686487197876,
        "width_m": 0.43609988979439773,
        "height_m": 0.27501794851898953,
        "volume_m3": 0.00430769985718832,
        "volume_cm3": 4307.6998571883205,
        "outside_mode": "fallback_all_outside",
        "outside_candidates_n": 0,