{
  "variant": "inverse",
  "scale": 2.008520363645888e-08,
  "shift_m": 0.9819515016799232,
  "reference_valid_pixels": 24702,
  "fit_pixels": 1044,
  "fit_correlation": 0.2949962200641848,
  "fit_mask_pixels": 1044,
  "K": [
    [
      578.5633866174695,
      0.0,
      570.2612476255729
    ],
    [
      0.0,
      578.5633866174695,
      390.3019701809129
    ],
    [
      0.0,
      0.0,
      1.0
    ]
  ],
  "encoder": "vits",
  "scale_reference": "opencv-gt",
  "method_id": "dav2_gt",
  "gt_txt": "/Users/yashasvinigopalan/Documents/College/Spring 2026/Visual Computing Systems/Final Project/CS348K_Excavator_Progress_Tracking/data/S_cardboard_box/pair_000.txt",
  "target_gt_cm": 20.0,
  "wall_gt_cm": 100.0,
  "tolerance_cm": 5.0,
  "anchor_pixels": 1044,
  "anchor_pixels_pct": 0.11328125
}
