{
  "variant": "flipped",
  "scale": -0.007514151935255269,
  "shift_m": 1.0155012231510545,
  "reference_valid_pixels": 22623,
  "fit_pixels": 1385,
  "fit_correlation": -0.4088035487953268,
  "fit_mask_pixels": 1385,
  "K": [
    [
      578.5633866174695,
      0.0,
      570.2612476255729
    ],
    [
      0.0,
      578.5633866174695,
      390.3019701809129
    ],
    [
      0.0,
      0.0,
      1.0
    ]
  ],
  "encoder": "vits",
  "scale_reference": "opencv-gt",
  "method_id": "dav2_gt",
  "gt_txt": "/Users/yashasvinigopalan/Documents/College/Spring 2026/Visual Computing Systems/Final Project/CS348K_Excavator_Progress_Tracking/data/S_cardboard_box/pair_002.txt",
  "target_gt_cm": 25.0,
  "wall_gt_cm": 100.0,
  "tolerance_cm": 5.0,
  "anchor_pixels": 1385,
  "anchor_pixels_pct": 0.15028211805555555
}
