{
  "scene": "M_cardboard_box",
  "assumptions": {
    "z_inside": "median depth inside ROI polygon",
    "z_outside": "median outside-ring depth; prefer values closer than z_inside by margin",
    "depth_m": "abs(z_outside - z_inside)",
    "width_height": "ROI bbox pixels projected with fx/fy at z_inside"
  },
  "params": {
    "ring_pad_px": 24,
    "ring_inner_gap_px": 4,
    "outside_closer_margin_cm": 0.5
  },
  "rows": [
    {
      "scene": "M_cardboard_box",
      "pair_id": "001",
      "ruler_distance_cm": 20.0,
      "bbox_w_px": 809,
      "bbox_h_px": 464,
      "opencv": {
        "z_inside_m": 1.0898582935333252,
        "z_outside_m": 0.6179506182670593,
        "depth_m": 0.47190767526626587,
        "width_m": 1.5239390875098933,
        "height_m": 0.8740515903641415,
        "volume_m3": 0.6285816761294555,
        "volume_cm3": 628581.6761294554,
        "outside_mode": "closer_only",
        "outside_candidates_n": 289,
        "outside_total_n": 526
      },
      "dav2": {
        "z_inside_m": 0.927184522151947,
        "z_outside_m": 0.9081151783466339,
        "depth_m": 0.01906934380531311,
        "width_m": 1.2964738104260058,
        "height_m": 0.7435894289711579,
        "volume_m3": 0.01838369068177458,
        "volume_cm3": 18383.69068177458,
        "outside_mode": "closer_only",
        "outside_candidates_n": 23616,
        "outside_total_n": 36020
      },
      "dav2_gt": {
        "z_inside_m": 1.0109964609146118,
        "z_outside_m": 0.9995019435882568,
        "depth_m": 0.01149451732635498,
        "width_m": 1.4136672935038175,
        "height_m": 0.8108054687092352,
        "volume_m3": 0.013175121193023415,
        "volume_cm3": 13175.121193023415,
        "outside_mode": "closer_only",
        "outside_candidates_n": 6827,
        "outside_total_n": 36020
      },
      "foundation": {
        "z_inside_m": 0.9271965026855469,
        "z_outside_m": 0.8438899517059326,
        "depth_m": 0.08330655097961426,
        "width_m": 1.2964905626988017,
        "height_m": 0.7435990371968405,
        "volume_m3": 0.08031327447257426,
        "volume_cm3": 80313.27447257427,
        "outside_mode": "closer_only",
        "outside_candidates_n": 18745,
        "outside_total_n": 36020
      }
    },
    {
      "scene": "M_cardboard_box",
      "pair_id": "002",
      "ruler_distance_cm": 25.0,
      "bbox_w_px": 645,
      "bbox_h_px": 424,
      "opencv": {
        "z_inside_m": 1.0828943252563477,
        "z_outside_m": 0.9026522636413574,
        "depth_m": 0.18024206161499023,
        "width_m": 1.2072434169640112,
        "height_m": 0.7935987733220788,
        "volume_m3": 0.17268395228450786,
        "volume_cm3": 172683.95228450786,
        "outside_mode": "closer_only",
        "outside_candidates_n": 523,
        "outside_total_n": 601
      },
      "dav2": {
        "z_inside_m": 0.9902257323265076,
        "z_outside_m": 0.966064453125,
        "depth_m": 0.02416127920150757,
        "width_m": 1.1039336607259,
        "height_m": 0.7256866234849328,
        "volume_m3": 0.019355839742793566,
        "volume_cm3": 19355.839742793567,
        "outside_mode": "closer_only",
        "outside_candidates_n": 29586,
        "outside_total_n": 39456
      },
      "dav2_gt": {
        "z_inside_m": 1.0061562657356262,
        "z_outside_m": 0.9941453635692596,
        "depth_m": 0.012010902166366577,
        "width_m": 1.1216935022342864,
        "height_m": 0.7373613099958721,
        "volume_m3": 0.009934137792396864,
        "volume_cm3": 9934.137792396865,
        "outside_mode": "closer_only",
        "outside_candidates_n": 27558,
        "outside_total_n": 39456
      },
      "foundation": {
        "z_inside_m": 0.9706741571426392,
        "z_outside_m": 0.9187991619110107,
        "depth_m": 0.05187499523162842,
        "width_m": 1.0821369720911023,
        "height_m": 0.7113582576226781,
        "volume_m3": 0.0399327006362392,
        "volume_cm3": 39932.7006362392,
        "outside_mode": "closer_only",
        "outside_candidates_n": 26074,
        "outside_total_n": 39456
      }
    },
    {
      "scene": "M_cardboard_box",
      "pair_id": "003",
      "ruler_distance_cm": 50.0,
      "bbox_w_px": 315,
      "bbox_h_px": 241,
      "opencv": {
        "z_inside_m": 0.5458066463470459,
        "z_outside_m": 0.5186624526977539,
        "depth_m": 0.027144193649291992,
        "width_m": 0.2971655268483042,
        "height_m": 0.2273552126045756,
        "volume_m3": 0.0018339195817543945,
        "volume_cm3": 1833.9195817543946,
        "outside_mode": "closer_only",
        "outside_candidates_n": 1083,
        "outside_total_n": 1322
      },
      "dav2": {
        "z_inside_m": 0.7264375686645508,
        "z_outside_m": 0.7330876886844635,
        "depth_m": 0.00665012001991272,
        "width_m": 0.39551039596051774,
        "height_m": 0.3025968426237612,
        "volume_m3": 0.0007958876743396029,
        "volume_cm3": 795.8876743396029,
        "outside_mode": "fallback_all_outside",
        "outside_candidates_n": 0,
        "outside_total_n": 24480
      },
      "dav2_gt": {
        "z_inside_m": 0.6421114504337311,
        "z_outside_m": 0.6346490681171417,
        "depth_m": 0.0074623823165893555,
        "width_m": 0.3495988712129783,
        "height_m": 0.26747088242008815,
        "volume_m3": 0.0006977888530926934,
        "volume_cm3": 697.7888530926933,
        "outside_mode": "closer_only",
        "outside_candidates_n": 11724,
        "outside_total_n": 24480
      },
      "foundation": {
        "z_inside_m": 0.8102434277534485,
        "z_outside_m": 0.7851800918579102,
        "depth_m": 0.02506333589553833,
        "width_m": 0.44113866457139855,
        "height_m": 0.33750608940224464,
        "volume_m3": 0.003731604529655206,
        "volume_cm3": 3731.604529655206,
        "outside_mode": "closer_only",
        "outside_candidates_n": 1045,
        "outside_total_n": 24480
      }
    },
    {
      "scene": "M_cardboard_box",
      "pair_id": "004",
      "ruler_distance_cm": 75.0,
      "bbox_w_px": 204,
      "bbox_h_px": 148,
      "opencv": {
        "z_inside_m": 0.9574743509292603,
        "z_outside_m": 0.6123684048652649,
        "depth_m": 0.34510594606399536,
        "width_m": 0.3376030563073162,
        "height_m": 0.2449277075170725,
        "volume_m3": 0.028536238712517467,
        "volume_cm3": 28536.23871251747,
        "outside_mode": "closer_only",
        "outside_candidates_n": 50,
        "outside_total_n": 50
      },
      "dav2": {
        "z_inside_m": 0.804501086473465,
        "z_outside_m": 0.8060061931610107,
        "depth_m": 0.0015051066875457764,
        "width_m": 0.28366506667504937,
        "height_m": 0.20579622484268287,
        "volume_m3": 8.786391388159739e-05,
        "volume_cm3": 87.86391388159738,
        "outside_mode": "fallback_all_outside",
        "outside_candidates_n": 0,
        "outside_total_n": 16320
      },
      "dav2_gt": {
        "z_inside_m": 0.9466168880462646,
        "z_outside_m": 0.9394358992576599,
        "depth_m": 0.007180988788604736,
        "width_m": 0.3337747421081054,
        "height_m": 0.24215030309803726,
        "volume_m3": 0.0005803937601788846,
        "volume_cm3": 580.3937601788846,
        "outside_mode": "closer_only",
        "outside_candidates_n": 5491,
        "outside_total_n": 16320
      },
      "foundation": {
        "z_inside_m": 0.8191242814064026,
        "z_outside_m": 0.802069365978241,
        "depth_m": 0.01705491542816162,
        "width_m": 0.2888211685565734,
        "height_m": 0.20953692620771014,
        "volume_m3": 0.0010321413083279397,
        "volume_cm3": 1032.1413083279397,
        "outside_mode": "closer_only",
        "outside_candidates_n": 19,
        "outside_total_n": 16320
      }
    },
    {
      "scene": "M_cardboard_box",
      "pair_id": "005",
      "ruler_distance_cm": 100.0,
      "bbox_w_px": 149,