{
  "variant": "direct",
  "scale": -0.003052467115987865,
  "shift_m": 0.9990366565028344,
  "reference_valid_pixels": 12842,
  "fit_pixels": 578,
  "fit_correlation": -0.24155098339548997,
  "fit_mask_pixels": 578,
  "K": [
    [
      578.5633866174695,
      0.0,
      570.2612476255729
    ],
    [
      0.0,
      578.5633866174695,
      390.3019701809129
    ],
    [
      0.0,
      0.0,
      1.0
    ]
  ],
  "encoder": "vits",
  "scale_reference": "opencv-gt",
  "method_id": "dav2_gt",
  "gt_txt": "/Users/yashasvinigopalan/Documents/College/Spring 2026/Visual Computing Systems/Final Project/CS348K_Excavator_Progress_Tracking/data/L_carboard_box/pair_000.txt",
  "target_gt_cm": 25.0,
  "wall_gt_cm": 100.0,
  "tolerance_cm": 5.0,
  "anchor_pixels": 578,
  "anchor_pixels_pct": 0.0627170138888889
}
