{
  "variant": "direct",
  "scale": -0.0029567908738661343,
  "shift_m": 0.8168476960242251,
  "reference_valid_pixels": 13260,
  "fit_pixels": 3095,
  "fit_correlation": -0.04766910077347163,
  "fit_mask_pixels": 3095,
  "K": [
    [
      578.5633866174695,
      0.0,
      570.2612476255729
    ],
    [
      0.0,
      578.5633866174695,
      390.3019701809129
    ],
    [
      0.0,
      0.0,
      1.0
    ]
  ],
  "encoder": "vits",
  "scale_reference": "opencv-gt",
  "method_id": "dav2_gt",
  "gt_txt": "/Users/yashasvinigopalan/Documents/College/Spring 2026/Visual Computing Systems/Final Project/CS348K_Excavator_Progress_Tracking/data/M_cardboardbox_30/pair_003.txt",
  "target_gt_cm": 75.0,
  "wall_gt_cm": 100.0,
  "tolerance_cm": 5.0,
  "anchor_pixels": 3095,
  "anchor_pixels_pct": 0.3358289930555556
}
