{
  "disparity_method": "stereobm",
  "disparity_coverage_pct": 1.2762586805555556,
  "stereo_point_count": 11762,
  "stereo_point_count_downsampled": 689,
  "run_dir": "outputs/runs/excavator_S/pair_019",
  "dav2_coverage_pct": 100.0,
  "dav2_point_count": 921600,
  "dav2_point_count_downsampled": 7535,
  "dav2_scale_info": {
    "variant": "direct",
    "scale": 0.03194563835483877,
    "shift_m": 0.7630130489753018,
    "reference_valid_pixels": 11762,
    "fit_correlation": 0.1619683344904325,
    "K": [
      [
        578.5633866174695,
        0.0,
        570.2612476255729
      ],
      [
        0.0,
        578.5633866174695,
        390.3019701809129
      ],
      [
        0.0,
        0.0,
        1.0
      ]
    ],
    "scale_reference": "auto",
    "encoder": "vits"
  },
  "data_source": "data/excavator_S",
  "data_pair_id": "019",
  "batch_stereo_method": "stereobm",
  "evaluation_summary": {
    "run": "pair_019",
    "methods": {
      "opencv": {
        "valid_lidar_points": 127,
        "projected_in_image": 97,
        "associated_pixels": 0,
        "association_rate": 0.0,
        "ray_median_error_m": null,
        "ray_mean_error_m": null,
        "ray_rmse_m": null,
        "ray_p90_m": null,
        "ray_max_error_m": null,
        "inlier_ratio": 0.0,
        "ray_inlier_tau_m": 0.05,
        "free_space_violation_pct": 0.0,
        "median_free_space_violation_m": null,
        "free_space_tau_m": 0.03,
        "error_vs_range": {
          "bin_edges_m": [
            0.23729667481978672,
            0.24077738281752806,
            0.2442580908152694,
            0.24773879881301075,
            0.2512195068107521,
            0.2547002148084934,
            0.2581809228062348,
            0.2616616308039761,
            0.26514233880171745
          ],
          "bins": [],
          "n_points": 0
        },
        "method": "opencv",
        "depth_coverage_pct": 1.2762586805555556
      },
      "dav2": {
        "valid_lidar_points": 127,
        "projected_in_image": 97,
        "associated_pixels": 51,
        "association_rate": 0.5257731958762887,
        "ray_median_error_m": 0.5178553787602447,
        "ray_mean_error_m": 0.5248885930716359,
        "ray_rmse_m": 0.5256551398073601,
        "ray_p90_m": 0.5361586572168586,
        "ray_max_error_m": 0.6574961203614877,
        "inlier_ratio": 0.0,
        "ray_inlier_tau_m": 0.05,
        "free_space_violation_pct": 0.0,
        "median_free_space_violation_m": null,
        "free_space_tau_m": 0.03,
        "error_vs_range": {
          "bin_edges_m": [
            0.23729667481978672,
            0.24077738281752806,
            0.2442580908152694,
            0.24773879881301075,
            0.2512195068107521,
            0.2547002148084934,
            0.2581809228062348,
            0.2616616308039761,
            0.26514233880171745
          ],
          "bins": [
            {
              "range_min_m": 0.23729667481978672,
              "range_max_m": 0.24077738281752806,
              "range_center_m": 0.2390370288186574,
              "count": 6,
              "median_error_m": 0.5382902034781729,
              "mean_error_m": 0.5764076724362487,
              "rmse_m": 0.579106942353864,
              "p90_error_m": 0.6553493961666199
            },
            {
              "range_min_m": 0.24077738281752806,
              "range_max_m": 0.2442580908152694,
              "range_center_m": 0.2425177368163987,
              "count": 5,
              "median_error_m": 0.534910873061804,
              "mean_error_m": 0.535268770655262,
              "rmse_m": 0.5352710021511717,
              "p90_error_m": 0.5369432096075392
            },
            {
              "range_min_m": 0.2442580908152694,
              "range_max_m": 0.24773879881301075,
              "range_center_m": 0.24599844481414007,
              "count": 2,
              "median_error_m": 0.5304633321485752,
              "mean_error_m": 0.5304633321485752,
              "rmse_m": 0.530465543917734,
              "p90_error_m": 0.5316888030993924
            },
            {
              "range_min_m": 0.24773879881301075,
              "range_max_m": 0.2512195068107521,
              "range_center_m": 0.24947915281188143,
              "count": 8,
              "median_error_m": 0.5231811031071554,
              "mean_error_m": 0.5229546590341516,
              "rmse_m": 0.5229613771428137,
              "p90_error_m": 0.5255507460331973
            },
            {
              "range_min_m": 0.2512195068107521,
              "range_max_m": 0.2547002148084934,
              "range_center_m": 0.25295986080962274,
              "count": 5,
              "median_error_m": 0.520313189167485,
              "mean_error_m": 0.5197430641141395,
              "rmse_m": 0.5197622052748369,
              "p90_error_m": 0.5245196790807747
            },
            {
              "range_min_m": 0.2547002148084934,
              "range_max_m": 0.2581809228062348,
              "range_center_m": 0.2564405688073641,
              "count": 10,
              "median_error_m": 0.5154775523123893,
              "mean_error_m": 0.5150054041449119,
              "rmse_m": 0.5150100529325823,
              "p90_error_m": 0.5178619254945858
            },
            {
              "range_min_m": 0.2581809228062348,
              "range_max_m": 0.2616616308039761,
              "range_center_m": 0.25992127680510546,
              "count": 4,
              "median_error_m": 0.5097083108884354,
              "mean_error_m": 0.5102611869281704,
              "rmse_m": 0.5102647699690037,
              "p90_error_m": 0.5123950330605831
            },
            {
              "range_min_m": 0.2616616308039761,
              "range_max_m": 0.26514233880171745,
              "range_center_m": 0.26340198480284677,
              "count": 9,
              "median_error_m": 0.5062405985793537,
              "mean_error_m": 0.5068233774742761,
              "rmse_m": 0.5068275212006819,
              "p90_error_m": 0.5096025587072446
            }
          ],
          "n_points": 51
        },
        "method": "dav2",
        "depth_coverage_pct": 100.0
      },
      "foundation": {
        "valid_lidar_points": 127,
        "projected_in_image": 97,
        "associated_pixels": 51,
        "association_rate": 0.5257731958762887,
        "ray_median_error_m": 0.5160075254585674,
        "ray_mean_error_m": 0.5178031072860206,
        "ray_rmse_m": 0.5178946320435226,
        "ray_p90_m": 0.5293788869049011,
        "ray_max_error_m": 0.5428384799043344,
        "inlier_ratio": 0.0,
        "ray_inlier_tau_m": 0.05,
        "free_space_violation_pct": 0.0,
        "median_free_space_violation_m": null,
        "free_space_tau_m": 0.03,
        "error_vs_range": {
          "bin_edges_m": [
            0.23729667481978672,
            0.24077738281752806,
            0.2442580908152694,
            0.24773879881301075,
            0.2512195068107521,
            0.2547002148084934,
            0.2581809228062348,
            0.2616616308039761,
            0.26514233880171745
          ],
          "bins": [
            {
              "range_min_m": 0.23729667481978672,
              "range_max_m": 0.24077738281752806,
              "range_center_m": 0.2390370288186574,
              "count": 6,
              "median_error_m": 0.530787101359337,
              "mean_error_m": 0.5340809240651244,
              "rmse_m": 0.5341122900907228,
              "p90_error_m": 0.5421346351478669
            },
            {
              "range_min_m": 0.24077738281752806,
              "range_max_m": 0.2442580908152694,
              "range_center_m": 0.2425177368163987,
              "count": 5,
              "median_error_m": 0.5275405397182086,
              "mean_error_m": 0.5276968826852914,
              "rmse_m": 0.5276979636034932,